Helyrajziszam,Telepules,Tombazonosito,Qt_vil_cs,Qt_vil_real_cs,Qt_el_real_cs,Qt_el_cs_real_cs,Qt_ga_real_cs,Qt_ol_real_cs,Qt_sz_real_cs,Qt_bm_real_cs,Qt_th_real_cs,Dt,Qt_el_real,Qt_el_cs_real,Qt_ga_real,Qt_ol_real,Qt_sz_real,Qt_bm_real,Qt_th_real,Qt_vil,Qt_vil_real,deltaQt,TFCO2_t,TFCO2_t_cs,Dt_cs,Tt_t,Tt_e,adat_t,Et_vil_e_cs,Et_vil_t_cs,Et_vil_real_e_cs,Et_vil_real_t_cs,Et_vil_e,Et_vil_t,Et_vil_real_e,Et_vil_real_t,deltaEt_e,deltaEt_t,deltaTFCO2_t,pott
HUN_Szarvaskő_1,Szarvaskő,Szarvaskő_007,,,,,,,,,,,,,,,,,,,,,,,,263.39,,,,,,,,,,,,,,
HUN_Szarvaskő_10/1,Szarvaskő,Szarvaskő_007,,,,,,,,,,,,,,,,,,,,,,,,483.735,,,,,,,,,,,,,,
HUN_Szarvaskő_10/2,Szarvaskő,Szarvaskő_007,,,,,,,,,,,,,,,,,,,,,,,,343.425,,,,,,,,,,,,,,
HUN_Szarvaskő_100,Szarvaskő,Szarvaskő_015,,,,,,,,,,,,,,,,,,,,,,,,565.055,,,,,,,,,,,,,,
HUN_Szarvaskő_101,Szarvaskő,Szarvaskő_011,,,,,,,,,,,,,,,,,,,,,,,,3049.94,,,,,,,,,,,,,,
HUN_Szarvaskő_102,Szarvaskő,,,,,,,,,,,,,,,,,,,,,,,,,24.63,,,,,,,,,,,,,,
HUN_Szarvaskő_103,Szarvaskő,,,,,,,,,,,,,,,,,,,,,,,,,4129.77,,,,,,,,,,,,,,
HUN_Szarvaskő_104,Szarvaskő,Szarvaskő_011,,,,,,,,,,,,,,,,,,,,,,,,2382.91,,,,,,,,,,,,,,
HUN_Szarvaskő_105,Szarvaskő,Szarvaskő_011,,,,,,,,,,,,,,,,,,,,,,,,2190.185,,,,,,,,,,,,,,
HUN_Szarvaskő_106,Szarvaskő,Szarvaskő_011,,,,,,,,,,,,,,,,,,,,,,,,576.745,,,,,,,,,,,,,,
HUN_Szarvaskő_109,Szarvaskő,Szarvaskő_011,,,,,,,,,,,,,,,,,,,,,,,,607.995,,,,,,,,,,,,,,
HUN_Szarvaskő_11,Szarvaskő,Szarvaskő_007,,,,,,,,,,,,,,,,,,,,,,,,398.165,,,,,,,,,,,,,,
HUN_Szarvaskő_110,Szarvaskő,Szarvaskő_011,,,,,,,,,,,,,,,,,,,,,,,,859.5800001,,,,,,,,,,,,,,
HUN_Szarvaskő_111,Szarvaskő,Szarvaskő_011,,,,,,,,,,,,,,,,,,,,,,,,299.965,,,,,,,,,,,,,,
HUN_Szarvaskő_112,Szarvaskő,Szarvaskő_011,,,,,,,,,,,,,,,,,,,,,,,,788.13,,,,,,,,,,,,,,
HUN_Szarvaskő_113,Szarvaskő,Szarvaskő_011,,,,,,,,,,,,,,,,,,,,,,,,632.71,,,,,,,,,,,,,,
HUN_Szarvaskő_114,Szarvaskő,Szarvaskő_011,,,,,,,,,,,,,,,,,,,,,,,,636,,,,,,,,,,,,,,
HUN_Szarvaskő_115,Szarvaskő,Szarvaskő_011,,,,,,,,,,,,,,,,,,,,,,,,707.14,,,,,,,,,,,,,,
HUN_Szarvaskő_116,Szarvaskő,Szarvaskő_011,,,,,,,,,,,,,,,,,,,,,,,,584.8,,,,,,,,,,,,,,
HUN_Szarvaskő_117,Szarvaskő,Szarvaskő_011,,,,,,,,,,,,,,,,,,,,,,,,698.8999999,,,,,,,,,,,,,,
HUN_Szarvaskő_118,Szarvaskő,Szarvaskő_011,,,,,,,,,,,,,,,,,,,,,,,,683.855,,,,,,,,,,,,,,
HUN_Szarvaskő_119,Szarvaskő,Szarvaskő_011,,,,,,,,,,,,,,,,,,,,,,,,772.1050001,,,,,,,,,,,,,,
HUN_Szarvaskő_12/1,Szarvaskő,Szarvaskő_007,,,,,,,,,,,,,,,,,,,,,,,,822.74,,,,,,,,,,,,,,
HUN_Szarvaskő_12/2,Szarvaskő,Szarvaskő_007,,,,,,,,,,,,,,,,,,,,,,,,1361.415,,,,,,,,,,,,,,
HUN_Szarvaskő_120,Szarvaskő,Szarvaskő_011,,,,,,,,,,,,,,,,,,,,,,,,733.895,,,,,,,,,,,,,,
HUN_Szarvaskő_121,Szarvaskő,Szarvaskő_011,,,,,,,,,,,,,,,,,,,,,,,,619.305,,,,,,,,,,,,,,
HUN_Szarvaskő_122,Szarvaskő,Szarvaskő_011,,,,,,,,,,,,,,,,,,,,,,,,1253.52,,,,,,,,,,,,,,
HUN_Szarvaskő_123,Szarvaskő,Szarvaskő_011,,,,,,,,,,,,,,,,,,,,,,,,598.245295,,,,,,,,,,,,,,
HUN_Szarvaskő_124,Szarvaskő,,,,,,,,,,,,,,,,,,,,,,,,,288.165,,,,,,,,,,,,,,
HUN_Szarvaskő_125,Szarvaskő,Szarvaskő_011,,,,,,,,,,,,,,,,,,,,,,,,274.705,,,,,,,,,,,,,,
HUN_Szarvaskő_126,Szarvaskő,Szarvaskő_011,,,,,,,,,,,,,,,,,,,,,,,,402.465,,,,,,,,,,,,,,
HUN_Szarvaskő_127,Szarvaskő,Szarvaskő_011,,,,,,,,,,,,,,,,,,,,,,,,397.7549999,,,,,,,,,,,,,,
HUN_Szarvaskő_128,Szarvaskő,Szarvaskő_011,,,,,,,,,,,,,,,,,,,,,,,,476.01,,,,,,,,,,,,,,
HUN_Szarvaskő_129,Szarvaskő,Szarvaskő_011,,,,,,,,,,,,,,,,,,,,,,,,1583.084705,,,,,,,,,,,,,,
HUN_Szarvaskő_13,Szarvaskő,Szarvaskő_007,,,,,,,,,,,,,,,,,,,,,,,,33.12000001,,,,,,,,,,,,,,
HUN_Szarvaskő_130,Szarvaskő,Szarvaskő_011,,,,,,,,,,,,,,,,,,,,,,,,1161.745,,,,,,,,,,,,,,
HUN_Szarvaskő_131,Szarvaskő,Szarvaskő_011,,,,,,,,,,,,,,,,,,,,,,,,1644.475,,,,,,,,,,,,,,
HUN_Szarvaskő_132,Szarvaskő,Szarvaskő_011,,,,,,,,,,,,,,,,,,,,,,,,954.9050001,,,,,,,,,,,,,,
HUN_Szarvaskő_133,Szarvaskő,Szarvaskő_011,,,,,,,,,,,,,,,,,,,,,,,,1254.89,,,,,,,,,,,,,,
HUN_Szarvaskő_134,Szarvaskő,Szarvaskő_011,,,,,,,,,,,,,,,,,,,,,,,,518.625,,,,,,,,,,,,,,
HUN_Szarvaskő_135,Szarvaskő,Szarvaskő_011,,,,,,,,,,,,,,,,,,,,,,,,965.055,,,,,,,,,,,,,,
HUN_Szarvaskő_136,Szarvaskő,Szarvaskő_011,,,,,,,,,,,,,,,,,,,,,,,,668.12,,,,,,,,,,,,,,
HUN_Szarvaskő_137,Szarvaskő,Szarvaskő_011,,,,,,,,,,,,,,,,,,,,,,,,403.0400001,,,,,,,,,,,,,,
HUN_Szarvaskő_138,Szarvaskő,Szarvaskő_011,,,,,,,,,,,,,,,,,,,,,,,,643.2950001,,,,,,,,,,,,,,
HUN_Szarvaskő_139,Szarvaskő,,,,,,,,,,,,,,,,,,,,,,,,,4936.975,,,,,,,,,,,,,,
HUN_Szarvaskő_14,Szarvaskő,Szarvaskő_007,,,,,,,,,,,,,,,,,,,,,,,,53.71000001,,,,,,,,,,,,,,
HUN_Szarvaskő_140,Szarvaskő,Szarvaskő_005,,,,,,,,,,,,,,,,,,,,,,,,1169.685,,,,,,,,,,,,,,
HUN_Szarvaskő_141,Szarvaskő,Szarvaskő_005,,,,,,,,,,,,,,,,,,,,,,,,425.67,,,,,,,,,,,,,,
HUN_Szarvaskő_142,Szarvaskő,Szarvaskő_005,,,,,,,,,,,,,,,,,,,,,,,,396.315,,,,,,,,,,,,,,
HUN_Szarvaskő_143,Szarvaskő,Szarvaskő_005,,,,,,,,,,,,,,,,,,,,,,,,745.825,,,,,,,,,,,,,,
HUN_Szarvaskő_144,Szarvaskő,Szarvaskő_005,,,,,,,,,,,,,,,,,,,,,,,,1349.535,,,,,,,,,,,,,,
HUN_Szarvaskő_145,Szarvaskő,Szarvaskő_005,,,,,,,,,,,,,,,,,,,,,,,,706.63,,,,,,,,,,,,,,
HUN_Szarvaskő_146,Szarvaskő,Szarvaskő_005,,,,,,,,,,,,,,,,,,,,,,,,313.31,,,,,,,,,,,,,,
HUN_Szarvaskő_147,Szarvaskő,Szarvaskő_006,,,,,,,,,,,,,,,,,,,,,,,,885.935,,,,,,,,,,,,,,
HUN_Szarvaskő_148,Szarvaskő,Szarvaskő_006,,,,,,,,,,,,,,,,,,,,,,,,372.79,,,,,,,,,,,,,,
HUN_Szarvaskő_149,Szarvaskő,Szarvaskő_006,,,,,,,,,,,,,,,,,,,,,,,,375.57,,,,,,,,,,,,,,
HUN_Szarvaskő_15,Szarvaskő,Szarvaskő_007,,,,,,,,,,,,,,,,,,,,,,,,346.475,,,,,,,,,,,,,,
HUN_Szarvaskő_150,Szarvaskő,,,,,,,,,,,,,,,,,,,,,,,,,3544.861106,,,,,,,,,,,,,,
HUN_Szarvaskő_151,Szarvaskő,Szarvaskő_003,,,,,,,,,,,,,,,,,,,,,,,,927.5649705,,,,,,,,,,,,,,
HUN_Szarvaskő_152/1,Szarvaskő,Szarvaskő_003,,,,,,,,,,,,,,,,,,,,,,,,667.3199999,,,,,,,,,,,,,,
HUN_Szarvaskő_152/2,Szarvaskő,Szarvaskő_003,,,,,,,,,,,,,,,,,,,,,,,,34.41000001,,,,,,,,,,,,,,
HUN_Szarvaskő_153,Szarvaskő,Szarvaskő_003,,,,,,,,,,,,,,,,,,,,,,,,816.24,,,,,,,,,,,,,,
HUN_Szarvaskő_154,Szarvaskő,Szarvaskő_003,,,,,,,,,,,,,,,,,,,,,,,,841.3,,,,,,,,,,,,,,
HUN_Szarvaskő_158,Szarvaskő,Szarvaskő_003,,,,,,,,,,,,,,,,,,,,,,,,515.525,,,,,,,,,,,,,,
HUN_Szarvaskő_159,Szarvaskő,Szarvaskő_003,,,,,,,,,,,,,,,,,,,,,,,,540.1049999,,,,,,,,,,,,,,
HUN_Szarvaskő_16,Szarvaskő,Szarvaskő_007,,,,,,,,,,,,,,,,,,,,,,,,502.1450399,,,,,,,,,,,,,,
HUN_Szarvaskő_160,Szarvaskő,Szarvaskő_003,,,,,,,,,,,,,,,,,,,,,,,,599.64,,,,,,,,,,,,,,
HUN_Szarvaskő_161,Szarvaskő,Szarvaskő_003,,,,,,,,,,,,,,,,,,,,,,,,431.29,,,,,,,,,,,,,,
HUN_Szarvaskő_162,Szarvaskő,Szarvaskő_003,,,,,,,,,,,,,,,,,,,,,,,,458.31,,,,,,,,,,,,,,
HUN_Szarvaskő_163,Szarvaskő,Szarvaskő_003,,,,,,,,,,,,,,,,,,,,,,,,662.8699854,,,,,,,,,,,,,,
HUN_Szarvaskő_164,Szarvaskő,Szarvaskő_003,,,,,,,,,,,,,,,,,,,,,,,,333.08,,,,,,,,,,,,,,
HUN_Szarvaskő_165,Szarvaskő,Szarvaskő_003,,,,,,,,,,,,,,,,,,,,,,,,521.76,,,,,,,,,,,,,,
HUN_Szarvaskő_166,Szarvaskő,,,,,,,,,,,,,,,,,,,,,,,,,1744.035015,,,,,,,,,,,,,,
HUN_Szarvaskő_167,Szarvaskő,Szarvaskő_002,,,,,,,,,,,,,,,,,,,,,,,,711.25,,,,,,,,,,,,,,
HUN_Szarvaskő_168,Szarvaskő,Szarvaskő_002,,,,,,,,,,,,,,,,,,,,,,,,658.3499999,,,,,,,,,,,,,,
HUN_Szarvaskő_169,Szarvaskő,Szarvaskő_002,,,,,,,,,,,,,,,,,,,,,,,,636.235,,,,,,,,,,,,,,
HUN_Szarvaskő_17,Szarvaskő,Szarvaskő_007,,,,,,,,,,,,,,,,,,,,,,,,1080.41996,,,,,,,,,,,,,,
HUN_Szarvaskő_170,Szarvaskő,Szarvaskő_002,,,,,,,,,,,,,,,,,,,,,,,,600.6700001,,,,,,,,,,,,,,
HUN_Szarvaskő_171,Szarvaskő,Szarvaskő_002,,,,,,,,,,,,,,,,,,,,,,,,2931.02,,,,,,,,,,,,,,
HUN_Szarvaskő_172,Szarvaskő,Szarvaskő_004,,,,,,,,,,,,,,,,,,,,,,,,1483.075,,,,,,,,,,,,,,
HUN_Szarvaskő_173/2,Szarvaskő,,,,,,,,,,,,,,,,,,,,,,,,,3146.07,,,,,,,,,,,,,,
HUN_Szarvaskő_173/3,Szarvaskő,Szarvaskő_003,,,,,,,,,,,,,,,,,,,,,,,,4902.585,,,,,,,,,,,,,,
HUN_Szarvaskő_173/4,Szarvaskő,Szarvaskő_003,,,,,,,,,,,,,,,,,,,,,,,,644.315,,,,,,,,,,,,,,
HUN_Szarvaskő_173/5,Szarvaskő,,,,,,,,,,,,,,,,,,,,,,,,,9410.464813,,,,,,,,,,,,,,
HUN_Szarvaskő_173/6,Szarvaskő,Szarvaskő_016,,,,,,,,,,,,,,,,,,,,,,,,4907.175205,,,,,,,,,,,,,,
HUN_Szarvaskő_173/7,Szarvaskő,Szarvaskő_016,,,,,,,,,,,,,,,,,,,,,,,,897.9599999,,,,,,,,,,,,,,
HUN_Szarvaskő_174,Szarvaskő,,,,,,,,,,,,,,,,,,,,,,,,,6047.264505,,,,,,,,,,,,,,
HUN_Szarvaskő_175,Szarvaskő,Szarvaskő_017,,,,,,,,,,,,,,,,,,,,,,,,1750.37,,,,,,,,,,,,,,
HUN_Szarvaskő_176,Szarvaskő,Szarvaskő_017,,,,,,,,,,,,,,,,,,,,,,,,1776.96,,,,,,,,,,,,,,
HUN_Szarvaskő_177,Szarvaskő,Szarvaskő_017,,,,,,,,,,,,,,,,,,,,,,,,1544.2,,,,,,,,,,,,,,
HUN_Szarvaskő_179,Szarvaskő,Szarvaskő_017,,,,,,,,,,,,,,,,,,,,,,,,1882.975,,,,,,,,,,,,,,
HUN_Szarvaskő_18,Szarvaskő,Szarvaskő_007,,,,,,,,,,,,,,,,,,,,,,,,819.2,,,,,,,,,,,,,,
HUN_Szarvaskő_180,Szarvaskő,Szarvaskő_017,,,,,,,,,,,,,,,,,,,,,,,,1855.575,,,,,,,,,,,,,,
HUN_Szarvaskő_181,Szarvaskő,Szarvaskő_017,,,,,,,,,,,,,,,,,,,,,,,,2061.935,,,,,,,,,,,,,,
HUN_Szarvaskő_182,Szarvaskő,Szarvaskő_017,,,,,,,,,,,,,,,,,,,,,,,,3443.955,,,,,,,,,,,,,,
HUN_Szarvaskő_183,Szarvaskő,Szarvaskő_017,,,,,,,,,,,,,,,,,,,,,,,,1946.255,,,,,,,,,,,,,,
HUN_Szarvaskő_184,Szarvaskő,Szarvaskő_017,,,,,,,,,,,,,,,,,,,,,,,,99.33499999,,,,,,,,,,,,,,
HUN_Szarvaskő_185,Szarvaskő,,,,,,,,,,,,,,,,,,,,,,,,,12084.17073,,,,,,,,,,,,,,
HUN_Szarvaskő_186,Szarvaskő,Szarvaskő_018,,,,,,,,,,,,,,,,,,,,,,,,1173.96,,,,,,,,,,,,,,
HUN_Szarvaskő_187,Szarvaskő,Szarvaskő_018,,,,,,,,,,,,,,,,,,,,,,,,1039.68,,,,,,,,,,,,,,
HUN_Szarvaskő_188,Szarvaskő,Szarvaskő_018,,,,,,,,,,,,,,,,,,,,,,,,1186.4,,,,,,,,,,,,,,
HUN_Szarvaskő_189,Szarvaskő,Szarvaskő_018,,,,,,,,,,,,,,,,,,,,,,,,1321.125,,,,,,,,,,,,,,
HUN_Szarvaskő_19,Szarvaskő,,,,,,,,,,,,,,,,,,,,,,,,,382.739945,,,,,,,,,,,,,,
HUN_Szarvaskő_190,Szarvaskő,Szarvaskő_018,,,,,,,,,,,,,,,,,,,,,,,,875.1600001,,,,,,,,,,,,,,
HUN_Szarvaskő_191,Szarvaskő,,,,,,,,,,,,,,,,,,,,,,,,,257.655,,,,,,,,,,,,,,
HUN_Szarvaskő_192,Szarvaskő,,,,,,,,,,,,,,,,,,,,,,,,,844.61,,,,,,,,,,,,,,
HUN_Szarvaskő_193,Szarvaskő,,,,,,,,,,,,,,,,,,,,,,,,,380.04,,,,,,,,,,,,,,
HUN_Szarvaskő_194/1,Szarvaskő,,,,,,,,,,,,,,,,,,,,,,,,,12719.04662,,,,,,,,,,,,,,
HUN_Szarvaskő_194/1,Szarvaskő,,,,,,,,,,,,,,,,,,,,,,,,,718.2244394,,,,,,,,,,,,,,
HUN_Szarvaskő_194/2,Szarvaskő,,,,,,,,,,,,,,,,,,,,,,,,,1251.043749,,,,,,,,,,,,,,
HUN_Szarvaskő_195,Szarvaskő,Szarvaskő_019,,,,,,,,,,,,,,,,,,,,,,,,697.3749999,,,,,,,,,,,,,,
HUN_Szarvaskő_196,Szarvaskő,Szarvaskő_019,,,,,,,,,,,,,,,,,,,,,,,,720.9250001,,,,,,,,,,,,,,
HUN_Szarvaskő_197,Szarvaskő,Szarvaskő_019,,,,,,,,,,,,,,,,,,,,,,,,1764.66,,,,,,,,,,,,,,
HUN_Szarvaskő_198/1,Szarvaskő,Szarvaskő_019,,,,,,,,,,,,,,,,,,,,,,,,1003.975094,,,,,,,,,,,,,,
HUN_Szarvaskő_198/2,Szarvaskő,Szarvaskő_019,,,,,,,,,,,,,,,,,,,,,,,,751.6173715,,,,,,,,,,,,,,
HUN_Szarvaskő_199,Szarvaskő,,,,,,,,,,,,,,,,,,,,,,,,,7059.701635,,,,,,,,,,,,,,
HUN_Szarvaskő_2,Szarvaskő,Szarvaskő_007,,,,,,,,,,,,,,,,,,,,,,,,607.715,,,,,,,,,,,,,,
HUN_Szarvaskő_20,Szarvaskő,Szarvaskő_008,,,,,,,,,,,,,,,,,,,,,,,,482.57,,,,,,,,,,,,,,
HUN_Szarvaskő_200/1,Szarvaskő,,,,,,,,,,,,,,,,,,,,,,,,,7678.090065,,,,,,,,,,,,,,
HUN_Szarvaskő_200/12,Szarvaskő,,,,,,,,,,,,,,,,,,,,,,,,,536.140015,,,,,,,,,,,,,,
HUN_Szarvaskő_200/19,Szarvaskő,,,,,,,,,,,,,,,,,,,,,,,,,3938.210247,,,,,,,,,,,,,,
HUN_Szarvaskő_200/2,Szarvaskő,Szarvaskő_020,,,,,,,,,,,,,,,,,,,,,,,,732.8900001,,,,,,,,,,,,,,
HUN_Szarvaskő_200/20,Szarvaskő,,,,,,,,,,,,,,,,,,,,,,,,,224.8451467,,,,,,,,,,,,,,
HUN_Szarvaskő_200/22,Szarvaskő,Szarvaskő_001,,,,,,,,,,,,,,,,,,,,,,,,597.4,,,,,,,,,,,,,,
HUN_Szarvaskő_200/23,Szarvaskő,Szarvaskő_001,,,,,,,,,,,,,,,,,,,,,,,,605.145,,,,,,,,,,,,,,
HUN_Szarvaskő_200/24,Szarvaskő,Szarvaskő_001,,,,,,,,,,,,,,,,,,,,,,,,594.74,,,,,,,,,,,,,,
HUN_Szarvaskő_200/26,Szarvaskő,Szarvaskő_001,,,,,,,,,,,,,,,,,,,,,,,,1596.465,,,,,,,,,,,,,,
HUN_Szarvaskő_200/27,Szarvaskő,Szarvaskő_001,,,,,,,,,,,,,,,,,,,,,,,,605.5899999,,,,,,,,,,,,,,
HUN_Szarvaskő_200/29,Szarvaskő,Szarvaskő_001,,,,,,,,,,,,,,,,,,,,,,,,597.6300001,,,,,,,,,,,,,,
HUN_Szarvaskő_200/3,Szarvaskő,Szarvaskő_020,,,,,,,,,,,,,,,,,,,,,,,,614.975,,,,,,,,,,,,,,
HUN_Szarvaskő_200/30,Szarvaskő,Szarvaskő_001,,,,,,,,,,,,,,,,,,,,,,,,736.495,,,,,,,,,,,,,,
HUN_Szarvaskő_200/31,Szarvaskő,Szarvaskő_001,,,,,,,,,,,,,,,,,,,,,,,,589.9149999,,,,,,,,,,,,,,
HUN_Szarvaskő_200/32,Szarvaskő,Szarvaskő_001,,,,,,,,,,,,,,,,,,,,,,,,588.15,,,,,,,,,,,,,,
HUN_Szarvaskő_200/33,Szarvaskő,Szarvaskő_001,,,,,,,,,,,,,,,,,,,,,,,,606.845,,,,,,,,,,,,,,
HUN_Szarvaskő_200/34,Szarvaskő,Szarvaskő_001,,,,,,,,,,,,,,,,,,,,,,,,607.395,,,,,,,,,,,,,,
HUN_Szarvaskő_200/36,Szarvaskő,Szarvaskő_020,,,,,,,,,,,,,,,,,,,,,,,,655.3950001,,,,,,,,,,,,,,
HUN_Szarvaskő_200/37,Szarvaskő,Szarvaskő_020,,,,,,,,,,,,,,,,,,,,,,,,653.325,,,,,,,,,,,,,,
HUN_Szarvaskő_200/38,Szarvaskő,Szarvaskő_020,,,,,,,,,,,,,,,,,,,,,,,,603.1300001,,,,,,,,,,,,,,
HUN_Szarvaskő_200/39,Szarvaskő,Szarvaskő_020,,,,,,,,,,,,,,,,,,,,,,,,495.145,,,,,,,,,,,,,,
HUN_Szarvaskő_200/4,Szarvaskő,Szarvaskő_020,,,,,,,,,,,,,,,,,,,,,,,,601.5,,,,,,,,,,,,,,
HUN_Szarvaskő_200/40,Szarvaskő,Szarvaskő_020,,,,,,,,,,,,,,,,,,,,,,,,504.0399999,,,,,,,,,,,,,,
HUN_Szarvaskő_200/41,Szarvaskő,Szarvaskő_001,,,,,,,,,,,,,,,,,,,,,,,,440.36,,,,,,,,,,,,,,
HUN_Szarvaskő_200/42,Szarvaskő,Szarvaskő_001,,,,,,,,,,,,,,,,,,,,,,,,465.9649999,,,,,,,,,,,,,,
HUN_Szarvaskő_200/43,Szarvaskő,,,,,,,,,,,,,,,,,,,,,,,,,11.89,,,,,,,,,,,,,,
HUN_Szarvaskő_200/44,Szarvaskő,,,,,,,,,,,,,,,,,,,,,,,,,37.30500002,,,,,,,,,,,,,,
HUN_Szarvaskő_200/45,Szarvaskő,,,,,,,,,,,,,,,,,,,,,,,,,58.555,,,,,,,,,,,,,,
HUN_Szarvaskő_200/46,Szarvaskő,,,,,,,,,,,,,,,,,,,,,,,,,124.36,,,,,,,,,,,,,,
HUN_Szarvaskő_200/47,Szarvaskő,,,,,,,,,,,,,,,,,,,,,,,,,54.26000001,,,,,,,,,,,,,,
HUN_Szarvaskő_200/48,Szarvaskő,Szarvaskő_001,,,,,,,,,,,,,,,,,,,,,,,,639.28,,,,,,,,,,,,,,
HUN_Szarvaskő_200/49,Szarvaskő,,,,,,,,,,,,,,,,,,,,,,,,,29.74999999,,,,,,,,,,,,,,
HUN_Szarvaskő_200/5,Szarvaskő,Szarvaskő_020,,,,,,,,,,,,,,,,,,,,,,,,605.645,,,,,,,,,,,,,,
HUN_Szarvaskő_200/50,Szarvaskő,,,,,,,,,,,,,,,,,,,,,,,,,39.015,,,,,,,,,,,,,,
HUN_Szarvaskő_200/51,Szarvaskő,,,,,,,,,,,,,,,,,,,,,,,,,41.13500001,,,,,,,,,,,,,,
HUN_Szarvaskő_200/52,Szarvaskő,,,,,,,,,,,,,,,,,,,,,,,,,39.21999999,,,,,,,,,,,,,,
HUN_Szarvaskő_200/53,Szarvaskő,,,,,,,,,,,,,,,,,,,,,,,,,34.45000001,,,,,,,,,,,,,,
HUN_Szarvaskő_200/6,Szarvaskő,Szarvaskő_020,,,,,,,,,,,,,,,,,,,,,,,,605.995,,,,,,,,,,,,,,
HUN_Szarvaskő_200/7,Szarvaskő,Szarvaskő_020,,,,,,,,,,,,,,,,,,,,,,,,601.9,,,,,,,,,,,,,,
HUN_Szarvaskő_200/8,Szarvaskő,Szarvaskő_020,,,,,,,,,,,,,,,,,,,,,,,,590.34,,,,,,,,,,,,,,
HUN_Szarvaskő_201,Szarvaskő,,,,,,,,,,,,,,,,,,,,,,,,,905.9750001,,,,,,,,,,,,,,
HUN_Szarvaskő_202,Szarvaskő,Szarvaskő_021,,,,,,,,,,,,,,,,,,,,,,,,1241.755,,,,,,,,,,,,,,
HUN_Szarvaskő_203,Szarvaskő,Szarvaskő_021,,,,,,,,,,,,,,,,,,,,,,,,1198.6,,,,,,,,,,,,,,
HUN_Szarvaskő_204,Szarvaskő,Szarvaskő_021,,,,,,,,,,,,,,,,,,,,,,,,1177.32,,,,,,,,,,,,,,
HUN_Szarvaskő_205,Szarvaskő,Szarvaskő_021,,,,,,,,,,,,,,,,,,,,,,,,1142.19,,,,,,,,,,,,,,
HUN_Szarvaskő_206,Szarvaskő,Szarvaskő_021,,,,,,,,,,,,,,,,,,,,,,,,1070.555,,,,,,,,,,,,,,
HUN_Szarvaskő_207,Szarvaskő,Szarvaskő_021,,,,,,,,,,,,,,,,,,,,,,,,1054.66,,,,,,,,,,,,,,
HUN_Szarvaskő_208,Szarvaskő,Szarvaskő_021,,,,,,,,,,,,,,,,,,,,,,,,1163.07,,,,,,,,,,,,,,
HUN_Szarvaskő_209,Szarvaskő,Szarvaskő_021,,,,,,,,,,,,,,,,,,,,,,,,1087.165,,,,,,,,,,,,,,
HUN_Szarvaskő_21,Szarvaskő,Szarvaskő_008,,,,,,,,,,,,,,,,,,,,,,,,821.5700001,,,,,,,,,,,,,,
HUN_Szarvaskő_210,Szarvaskő,Szarvaskő_021,,,,,,,,,,,,,,,,,,,,,,,,1168.4,,,,,,,,,,,,,,
HUN_Szarvaskő_211,Szarvaskő,Szarvaskő_021,,,,,,,,,,,,,,,,,,,,,,,,1210.67,,,,,,,,,,,,,,
HUN_Szarvaskő_212,Szarvaskő,Szarvaskő_021,,,,,,,,,,,,,,,,,,,,,,,,1144.11,,,,,,,,,,,,,,
HUN_Szarvaskő_213,Szarvaskő,Szarvaskő_021,,,,,,,,,,,,,,,,,,,,,,,,1080.6,,,,,,,,,,,,,,
HUN_Szarvaskő_214,Szarvaskő,Szarvaskő_021,,,,,,,,,,,,,,,,,,,,,,,,925.4999999,,,,,,,,,,,,,,
HUN_Szarvaskő_215,Szarvaskő,Szarvaskő_021,,,,,,,,,,,,,,,,,,,,,,,,1168.71,,,,,,,,,,,,,,
HUN_Szarvaskő_216/1,Szarvaskő,Szarvaskő_021,,,,,,,,,,,,,,,,,,,,,,,,639.81,,,,,,,,,,,,,,
HUN_Szarvaskő_216/2,Szarvaskő,Szarvaskő_021,,,,,,,,,,,,,,,,,,,,,,,,657.85,,,,,,,,,,,,,,
HUN_Szarvaskő_217,Szarvaskő,Szarvaskő_021,,,,,,,,,,,,,,,,,,,,,,,,681.64,,,,,,,,,,,,,,
HUN_Szarvaskő_218,Szarvaskő,Szarvaskő_021,,,,,,,,,,,,,,,,,,,,,,,,1388.06,,,,,,,,,,,,,,
HUN_Szarvaskő_219,Szarvaskő,Szarvaskő_021,,,,,,,,,,,,,,,,,,,,,,,,640.385,,,,,,,,,,,,,,
HUN_Szarvaskő_22,Szarvaskő,Szarvaskő_008,,,,,,,,,,,,,,,,,,,,,,,,587.975,,,,,,,,,,,,,,
HUN_Szarvaskő_220,Szarvaskő,Szarvaskő_021,,,,,,,,,,,,,,,,,,,,,,,,1072.71,,,,,,,,,,,,,,
HUN_Szarvaskő_221,Szarvaskő,Szarvaskő_021,,,,,,,,,,,,,,,,,,,,,,,,1144.45,,,,,,,,,,,,,,
HUN_Szarvaskő_222,Szarvaskő,Szarvaskő_021,,,,,,,,,,,,,,,,,,,,,,,,1141.78,,,,,,,,,,,,,,
HUN_Szarvaskő_223,Szarvaskő,Szarvaskő_021,,,,,,,,,,,,,,,,,,,,,,,,1104.7,,,,,,,,,,,,,,
HUN_Szarvaskő_224,Szarvaskő,Szarvaskő_021,,,,,,,,,,,,,,,,,,,,,,,,1083.93,,,,,,,,,,,,,,
HUN_Szarvaskő_225/1,Szarvaskő,Szarvaskő_021,,,,,,,,,,,,,,,,,,,,,,,,1153.465,,,,,,,,,,,,,,
HUN_Szarvaskő_225/2,Szarvaskő,Szarvaskő_021,,,,,,,,,,,,,,,,,,,,,,,,1098.65,,,,,,,,,,,,,,
HUN_Szarvaskő_226,Szarvaskő,Szarvaskő_021,,,,,,,,,,,,,,,,,,,,,,,,526.4899999,,,,,,,,,,,,,,
HUN_Szarvaskő_227,Szarvaskő,Szarvaskő_021,,,,,,,,,,,,,,,,,,,,,,,,544.67,,,,,,,,,,,,,,
HUN_Szarvaskő_228,Szarvaskő,Szarvaskő_021,,,,,,,,,,,,,,,,,,,,,,,,1028.91,,,,,,,,,,,,,,
HUN_Szarvaskő_229,Szarvaskő,Szarvaskő_021,,,,,,,,,,,,,,,,,,,,,,,,1050.25,,,,,,,,,,,,,,
HUN_Szarvaskő_23,Szarvaskő,Szarvaskő_008,,,,,,,,,,,,,,,,,,,,,,,,571.025,,,,,,,,,,,,,,
HUN_Szarvaskő_230,Szarvaskő,Szarvaskő_021,,,,,,,,,,,,,,,,,,,,,,,,1063.07,,,,,,,,,,,,,,
HUN_Szarvaskő_231,Szarvaskő,Szarvaskő_021,,,,,,,,,,,,,,,,,,,,,,,,1169.6,,,,,,,,,,,,,,
HUN_Szarvaskő_232,Szarvaskő,,,,,,,,,,,,,,,,,,,,,,,,,4025.535,,,,,,,,,,,,,,
HUN_Szarvaskő_233/1,Szarvaskő,Szarvaskő_022,,,,,,,,,,,,,,,,,,,,,,,,812.8350799,,,,,,,,,,,,,,
HUN_Szarvaskő_234,Szarvaskő,Szarvaskő_022,,,,,,,,,,,,,,,,,,,,,,,,1552.09984,,,,,,,,,,,,,,
HUN_Szarvaskő_235,Szarvaskő,Szarvaskő_022,,,,,,,,,,,,,,,,,,,,,,,,1261.6501,,,,,,,,,,,,,,
HUN_Szarvaskő_236/1,Szarvaskő,Szarvaskő_022,,,,,,,,,,,,,,,,,,,,,,,,2158.719624,,,,,,,,,,,,,,
HUN_Szarvaskő_236/2,Szarvaskő,Szarvaskő_022,,,,,,,,,,,,,,,,,,,,,,,,2263.24977,,,,,,,,,,,,,,
HUN_Szarvaskő_237,Szarvaskő,Szarvaskő_022,,,,,,,,,,,,,,,,,,,,,,,,1074.035,,,,,,,,,,,,,,
HUN_Szarvaskő_238/1,Szarvaskő,,,,,,,,,,,,,,,,,,,,,,,,,183.595,,,,,,,,,,,,,,
HUN_Szarvaskő_238/2,Szarvaskő,,,,,,,,,,,,,,,,,,,,,,,,,287.445,,,,,,,,,,,,,,
HUN_Szarvaskő_239,Szarvaskő,Szarvaskő_023,,,,,,,,,,,,,,,,,,,,,,,,1085.65,,,,,,,,,,,,,,
HUN_Szarvaskő_24,Szarvaskő,Szarvaskő_008,,,,,,,,,,,,,,,,,,,,,,,,1092.515,,,,,,,,,,,,,,
HUN_Szarvaskő_240,Szarvaskő,Szarvaskő_023,,,,,,,,,,,,,,,,,,,,,,,,1077.035,,,,,,,,,,,,,,
HUN_Szarvaskő_241,Szarvaskő,Szarvaskő_023,,,,,,,,,,,,,,,,,,,,,,,,1134.205,,,,,,,,,,,,,,
HUN_Szarvaskő_242,Szarvaskő,Szarvaskő_023,,,,,,,,,,,,,,,,,,,,,,,,1022.26,,,,,,,,,,,,,,
HUN_Szarvaskő_243,Szarvaskő,Szarvaskő_023,,,,,,,,,,,,,,,,,,,,,,,,997.965,,,,,,,,,,,,,,
HUN_Szarvaskő_244,Szarvaskő,Szarvaskő_023,,,,,,,,,,,,,,,,,,,,,,,,1148.805,,,,,,,,,,,,,,
HUN_Szarvaskő_245,Szarvaskő,Szarvaskő_023,,,,,,,,,,,,,,,,,,,,,,,,1075.625,,,,,,,,,,,,,,
HUN_Szarvaskő_246,Szarvaskő,Szarvaskő_023,,,,,,,,,,,,,,,,,,,,,,,,782.6,,,,,,,,,,,,,,
HUN_Szarvaskő_247,Szarvaskő,Szarvaskő_023,,,,,,,,,,,,,,,,,,,,,,,,979.1050001,,,,,,,,,,,,,,
HUN_Szarvaskő_248,Szarvaskő,Szarvaskő_023,,,,,,,,,,,,,,,,,,,,,,,,1278.12,,,,,,,,,,,,,,
HUN_Szarvaskő_249,Szarvaskő,Szarvaskő_023,,,,,,,,,,,,,,,,,,,,,,,,1201.18,,,,,,,,,,,,,,
HUN_Szarvaskő_25,Szarvaskő,Szarvaskő_008,,,,,,,,,,,,,,,,,,,,,,,,683.575,,,,,,,,,,,,,,
HUN_Szarvaskő_250,Szarvaskő,Szarvaskő_023,,,,,,,,,,,,,,,,,,,,,,,,939.1299999,,,,,,,,,,,,,,
HUN_Szarvaskő_251,Szarvaskő,Szarvaskő_023,,,,,,,,,,,,,,,,,,,,,,,,798.615,,,,,,,,,,,,,,
HUN_Szarvaskő_252,Szarvaskő,Szarvaskő_022,,,,,,,,,,,,,,,,,,,,,,,,836.4649639,,,,,,,,,,,,,,
HUN_Szarvaskő_253,Szarvaskő,Szarvaskő_022,,,,,,,,,,,,,,,,,,,,,,,,1110.71452,,,,,,,,,,,,,,
HUN_Szarvaskő_254,Szarvaskő,Szarvaskő_022,,,,,,,,,,,,,,,,,,,,,,,,15027.41189,,,,,,,,,,,,,,
HUN_Szarvaskő_268,Szarvaskő,,,,,,,,,,,,,,,,,,,,,,,,,2095.134942,,,,,,,,,,,,,,
HUN_Szarvaskő_270,Szarvaskő,Szarvaskő_022,,,,,,,,,,,,,,,,,,,,,,,,1013.63,,,,,,,,,,,,,,
HUN_Szarvaskő_271,Szarvaskő,Szarvaskő_022,,,,,,,,,,,,,,,,,,,,,,,,880.6950001,,,,,,,,,,,,,,
HUN_Szarvaskő_272,Szarvaskő,,,,,,,,,,,,,,,,,,,,,,,,,218.8,,,,,,,,,,,,,,
HUN_Szarvaskő_273,Szarvaskő,Szarvaskő_024,,,,,,,,,,,,,,,,,,,,,,,,958.1249999,,,,,,,,,,,,,,
HUN_Szarvaskő_274,Szarvaskő,Szarvaskő_024,,,,,,,,,,,,,,,,,,,,,,,,1078.19,,,,,,,,,,,,,,
HUN_Szarvaskő_275,Szarvaskő,Szarvaskő_024,,,,,,,,,,,,,,,,,,,,,,,,1076.325,,,,,,,,,,,,,,
HUN_Szarvaskő_276,Szarvaskő,Szarvaskő_024,,,,,,,,,,,,,,,,,,,,,,,,1053.89,,,,,,,,,,,,,,
HUN_Szarvaskő_277,Szarvaskő,Szarvaskő_024,,,,,,,,,,,,,,,,,,,,,,,,1036.09,,,,,,,,,,,,,,
HUN_Szarvaskő_278,Szarvaskő,Szarvaskő_024,,,,,,,,,,,,,,,,,,,,,,,,960.4,,,,,,,,,,,,,,
HUN_Szarvaskő_279,Szarvaskő,Szarvaskő_024,,,,,,,,,,,,,,,,,,,,,,,,948.6449999,,,,,,,,,,,,,,
HUN_Szarvaskő_280,Szarvaskő,,,,,,,,,,,,,,,,,,,,,,,,,1929.560008,,,,,,,,,,,,,,
HUN_Szarvaskő_29,Szarvaskő,,,,,,,,,,,,,,,,,,,,,,,,,3094.479995,,,,,,,,,,,,,,
HUN_Szarvaskő_30,Szarvaskő,Szarvaskő_009,,,,,,,,,,,,,,,,,,,,,,,,1003.405,,,,,,,,,,,,,,
HUN_Szarvaskő_31,Szarvaskő,Szarvaskő_009,,,,,,,,,,,,,,,,,,,,,,,,931.8150001,,,,,,,,,,,,,,
HUN_Szarvaskő_32,Szarvaskő,Szarvaskő_009,,,,,,,,,,,,,,,,,,,,,,,,972.255,,,,,,,,,,,,,,
HUN_Szarvaskő_36,Szarvaskő,Szarvaskő_009,,,,,,,,,,,,,,,,,,,,,,,,650.465,,,,,,,,,,,,,,
HUN_Szarvaskő_39,Szarvaskő,Szarvaskő_009,,,,,,,,,,,,,,,,,,,,,,,,1037.365,,,,,,,,,,,,,,
HUN_Szarvaskő_45,Szarvaskő,Szarvaskő_009,,,,,,,,,,,,,,,,,,,,,,,,1043.085,,,,,,,,,,,,,,
HUN_Szarvaskő_46,Szarvaskő,Szarvaskő_009,,,,,,,,,,,,,,,,,,,,,,,,1075.18,,,,,,,,,,,,,,
HUN_Szarvaskő_47,Szarvaskő,Szarvaskő_009,,,,,,,,,,,,,,,,,,,,,,,,1048.625,,,,,,,,,,,,,,
HUN_Szarvaskő_48,Szarvaskő,Szarvaskő_009,,,,,,,,,,,,,,,,,,,,,,,,810.37,,,,,,,,,,,,,,
HUN_Szarvaskő_49,Szarvaskő,Szarvaskő_009,,,,,,,,,,,,,,,,,,,,,,,,773.005,,,,,,,,,,,,,,
HUN_Szarvaskő_50,Szarvaskő,Szarvaskő_009,,,,,,,,,,,,,,,,,,,,,,,,117.19,,,,,,,,,,,,,,
HUN_Szarvaskő_51/1,Szarvaskő,Szarvaskő_009,,,,,,,,,,,,,,,,,,,,,,,,1676.762661,,,,,,,,,,,,,,
HUN_Szarvaskő_52,Szarvaskő,Szarvaskő_009,,,,,,,,,,,,,,,,,,,,,,,,391.8245923,,,,,,,,,,,,,,
HUN_Szarvaskő_52,Szarvaskő,Szarvaskő_009,,,,,,,,,,,,,,,,,,,,,,,,2864.425466,,,,,,,,,,,,,,
HUN_Szarvaskő_56,Szarvaskő,Szarvaskő_009,,,,,,,,,,,,,,,,,,,,,,,,392.55,,,,,,,,,,,,,,
HUN_Szarvaskő_57/1,Szarvaskő,Szarvaskő_009,,,,,,,,,,,,,,,,,,,,,,,,46.095,,,,,,,,,,,,,,
HUN_Szarvaskő_57/2,Szarvaskő,Szarvaskő_009,,,,,,,,,,,,,,,,,,,,,,,,230.6125,,,,,,,,,,,,,,
HUN_Szarvaskő_58,Szarvaskő,,,,,,,,,,,,,,,,,,,,,,,,,1076.67489,,,,,,,,,,,,,,
HUN_Szarvaskő_59,Szarvaskő,Szarvaskő_010,,,,,,,,,,,,,,,,,,,,,,,,477.95,,,,,,,,,,,,,,
HUN_Szarvaskő_6,Szarvaskő,Szarvaskő_007,,,,,,,,,,,,,,,,,,,,,,,,630.6300001,,,,,,,,,,,,,,
HUN_Szarvaskő_60,Szarvaskő,Szarvaskő_010,,,,,,,,,,,,,,,,,,,,,,,,468.155,,,,,,,,,,,,,,
HUN_Szarvaskő_61,Szarvaskő,Szarvaskő_010,,,,,,,,,,,,,,,,,,,,,,,,420.57,,,,,,,,,,,,,,
HUN_Szarvaskő_62,Szarvaskő,Szarvaskő_010,,,,,,,,,,,,,,,,,,,,,,,,311.04,,,,,,,,,,,,,,
HUN_Szarvaskő_63,Szarvaskő,Szarvaskő_010,,,,,,,,,,,,,,,,,,,,,,,,843.3702449,,,,,,,,,,,,,,
HUN_Szarvaskő_65,Szarvaskő,,,,,,,,,,,,,,,,,,,,,,,,,1549.964872,,,,,,,,,,,,,,
HUN_Szarvaskő_66,Szarvaskő,Szarvaskő_013,,,,,,,,,,,,,,,,,,,,,,,,156.865,,,,,,,,,,,,,,
HUN_Szarvaskő_67,Szarvaskő,Szarvaskő_013,,,,,,,,,,,,,,,,,,,,,,,,212.56,,,,,,,,,,,,,,
HUN_Szarvaskő_68,Szarvaskő,Szarvaskő_013,,,,,,,,,,,,,,,,,,,,,,,,164.895,,,,,,,,,,,,,,
HUN_Szarvaskő_69/1,Szarvaskő,Szarvaskő_013,,,,,,,,,,,,,,,,,,,,,,,,2422.2195,,,,,,,,,,,,,,
HUN_Szarvaskő_69/1,Szarvaskő,,,,,,,,,,,,,,,,,,,,,,,,,1951.320711,,,,,,,,,,,,,,
HUN_Szarvaskő_69/2,Szarvaskő,Szarvaskő_013,,,,,,,,,,,,,,,,,,,,,,,,28.42,,,,,,,,,,,,,,
HUN_Szarvaskő_70,Szarvaskő,Szarvaskő_012,,,,,,,,,,,,,,,,,,,,,,,,344.965,,,,,,,,,,,,,,
HUN_Szarvaskő_71,Szarvaskő,Szarvaskő_012,,,,,,,,,,,,,,,,,,,,,,,,302.435,,,,,,,,,,,,,,
HUN_Szarvaskő_72,Szarvaskő,Szarvaskő_012,,,,,,,,,,,,,,,,,,,,,,,,481.705,,,,,,,,,,,,,,
HUN_Szarvaskő_73,Szarvaskő,,,,,,,,,,,,,,,,,,,,,,,,,842.129879,,,,,,,,,,,,,,
HUN_Szarvaskő_74,Szarvaskő,Szarvaskő_014,,,,,,,,,,,,,,,,,,,,,,,,129.255,,,,,,,,,,,,,,
HUN_Szarvaskő_75,Szarvaskő,Szarvaskő_014,,,,,,,,,,,,,,,,,,,,,,,,136.26,,,,,,,,,,,,,,
HUN_Szarvaskő_77/1,Szarvaskő,Szarvaskő_014,,,,,,,,,,,,,,,,,,,,,,,,544.885,,,,,,,,,,,,,,
HUN_Szarvaskő_77/2,Szarvaskő,Szarvaskő_014,,,,,,,,,,,,,,,,,,,,,,,,430.465,,,,,,,,,,,,,,
HUN_Szarvaskő_80,Szarvaskő,Szarvaskő_014,,,,,,,,,,,,,,,,,,,,,,,,384.97,,,,,,,,,,,,,,
HUN_Szarvaskő_81,Szarvaskő,,,,,,,,,,,,,,,,,,,,,,,,,2450.059898,,,,,,,,,,,,,,
HUN_Szarvaskő_82,Szarvaskő,,,,,,,,,,,,,,,,,,,,,,,,,146.455,,,,,,,,,,,,,,
HUN_Szarvaskő_83,Szarvaskő,,,,,,,,,,,,,,,,,,,,,,,,,58.81999998,,,,,,,,,,,,,,
HUN_Szarvaskő_84,Szarvaskő,,,,,,,,,,,,,,,,,,,,,,,,,47.8,,,,,,,,,,,,,,
HUN_Szarvaskő_85,Szarvaskő,,,,,,,,,,,,,,,,,,,,,,,,,137.395,,,,,,,,,,,,,,
HUN_Szarvaskő_86,Szarvaskő,Szarvaskő_015,,,,,,,,,,,,,,,,,,,,,,,,1064.415415,,,,,,,,,,,,,,
HUN_Szarvaskő_87,Szarvaskő,Szarvaskő_015,,,,,,,,,,,,,,,,,,,,,,,,629.14,,,,,,,,,,,,,,
HUN_Szarvaskő_88,Szarvaskő,Szarvaskő_015,,,,,,,,,,,,,,,,,,,,,,,,804.255,,,,,,,,,,,,,,
HUN_Szarvaskő_89,Szarvaskő,Szarvaskő_015,,,,,,,,,,,,,,,,,,,,,,,,461.95,,,,,,,,,,,,,,
HUN_Szarvaskő_90,Szarvaskő,Szarvaskő_015,,,,,,,,,,,,,,,,,,,,,,,,453.895,,,,,,,,,,,,,,
HUN_Szarvaskő_91,Szarvaskő,Szarvaskő_015,,,,,,,,,,,,,,,,,,,,,,,,655.3850001,,,,,,,,,,,,,,
HUN_Szarvaskő_92,Szarvaskő,Szarvaskő_015,,,,,,,,,,,,,,,,,,,,,,,,576.52,,,,,,,,,,,,,,
HUN_Szarvaskő_93,Szarvaskő,Szarvaskő_015,,,,,,,,,,,,,,,,,,,,,,,,1376.655,,,,,,,,,,,,,,
HUN_Szarvaskő_94,Szarvaskő,Szarvaskő_015,,,,,,,,,,,,,,,,,,,,,,,,1399.345,,,,,,,,,,,,,,
HUN_Szarvaskő_95,Szarvaskő,Szarvaskő_015,,,,,,,,,,,,,,,,,,,,,,,,1175.64,,,,,,,,,,,,,,
HUN_Szarvaskő_96,Szarvaskő,Szarvaskő_015,,,,,,,,,,,,,,,,,,,,,,,,889.77,,,,,,,,,,,,,,
HUN_Szarvaskő_97,Szarvaskő,Szarvaskő_015,,,,,,,,,,,,,,,,,,,,,,,,721.2350001,,,,,,,,,,,,,,
HUN_Szarvaskő_98,Szarvaskő,Szarvaskő_015,,,,,,,,,,,,,,,,,,,,,,,,759.505,,,,,,,,,,,,,,
HUN_Szarvaskő_99,Szarvaskő,Szarvaskő_015,,,,,,,,,,,,,,,,,,,,,,,,700.605,,,,,,,,,,,,,,
HUN_Szarvaskő_0109,Szarvaskő,,,,,,,,,,,,,,,,,,,,,,,,,31333.495,,,,,,,,,,,,,,
HUN_Szarvaskő_0117,Szarvaskő,,,,,,,,,,,,,,,,,,,,,,,,,9998.345,,,,,,,,,,,,,,
HUN_Szarvaskő_0118,Szarvaskő,,,,,,,,,,,,,,,,,,,,,,,,,745.855,,,,,,,,,,,,,,
HUN_Szarvaskő_0119,Szarvaskő,,,,,,,,,,,,,,,,,,,,,,,,,686.4899999,,,,,,,,,,,,,,
HUN_Szarvaskő_0120,Szarvaskő,,,,,,,,,,,,,,,,,,,,,,,,,2850.19,,,,,,,,,,,,,,
HUN_Szarvaskő_015,Szarvaskő,,,,,,,,,,,,,,,,,,,,,,,,,392.7700002,,,,,,,,,,,,,,
HUN_Szarvaskő_016/1,Szarvaskő,,,,,,,,,,,,,,,,,,,,,,,,,1072.74,,,,,,,,,,,,,,
HUN_Szarvaskő_016/2,Szarvaskő,,,,,,,,,,,,,,,,,,,,,,,,,1171.555,,,,,,,,,,,,,,
HUN_Szarvaskő_016/3,Szarvaskő,,,,,,,,,,,,,,,,,,,,,,,,,1962.465,,,,,,,,,,,,,,
HUN_Szarvaskő_016/4,Szarvaskő,,,,,,,,,,,,,,,,,,,,,,,,,4871.115,,,,,,,,,,,,,,
HUN_Szarvaskő_017,Szarvaskő,,,,,,,,,,,,,,,,,,,,,,,,,56718.055,,,,,,,,,,,,,,
HUN_Szarvaskő_018/2,Szarvaskő,,,,,,,,,,,,,,,,,,,,,,,,,2065.768535,,,,,,,,,,,,,,
HUN_Szarvaskő_018/3,Szarvaskő,,,,,,,,,,,,,,,,,,,,,,,,,3762.710785,,,,,,,,,,,,,,
HUN_Szarvaskő_018/4,Szarvaskő,,,,,,,,,,,,,,,,,,,,,,,,,7191.72577,,,,,,,,,,,,,,
HUN_Szarvaskő_018/5,Szarvaskő,,,,,,,,,,,,,,,,,,,,,,,,,378719.7247,,,,,,,,,,,,,,
HUN_Szarvaskő_019/a,Szarvaskő,,,,,,,,,,,,,,,,,,,,,,,,,44713.37146,,,,,,,,,,,,,,
HUN_Szarvaskő_019/b,Szarvaskő,,,,,,,,,,,,,,,,,,,,,,,,,21168.47177,,,,,,,,,,,,,,
HUN_Szarvaskő_019/c,Szarvaskő,,,,,,,,,,,,,,,,,,,,,,,,,13452.49,,,,,,,,,,,,,,
HUN_Szarvaskő_020,Szarvaskő,,,,,,,,,,,,,,,,,,,,,,,,,9631.788815,,,,,,,,,,,,,,
HUN_Szarvaskő_021,Szarvaskő,,,,,,,,,,,,,,,,,,,,,,,,,116007.2948,,,,,,,,,,,,,,
HUN_Szarvaskő_022,Szarvaskő,,,,,,,,,,,,,,,,,,,,,,,,,111009.985,,,,,,,,,,,,,,
HUN_Szarvaskő_027/10,Szarvaskő,,,,,,,,,,,,,,,,,,,,,,,,,1479.565,,,,,,,,,,,,,,
HUN_Szarvaskő_027/11,Szarvaskő,,,,,,,,,,,,,,,,,,,,,,,,,1567.9,,,,,,,,,,,,,,
HUN_Szarvaskő_027/13,Szarvaskő,,,,,,,,,,,,,,,,,,,,,,,,,1761.425,,,,,,,,,,,,,,
HUN_Szarvaskő_027/14,Szarvaskő,,,,,,,,,,,,,,,,,,,,,,,,,1486.795,,,,,,,,,,,,,,
HUN_Szarvaskő_027/15,Szarvaskő,,,,,,,,,,,,,,,,,,,,,,,,,30737.11037,,,,,,,,,,,,,,
HUN_Szarvaskő_027/16/a,Szarvaskő,,,,,,,,,,,,,,,,,,,,,,,,,684033.1993,,,,,,,,,,,,,,
HUN_Szarvaskő_027/16/b,Szarvaskő,,,,,,,,,,,,,,,,,,,,,,,,,29881.64,,,,,,,,,,,,,,
HUN_Szarvaskő_027/2,Szarvaskő,,,,,,,,,,,,,,,,,,,,,,,,,716.431485,,,,,,,,,,,,,,
HUN_Szarvaskő_027/3,Szarvaskő,,,,,,,,,,,,,,,,,,,,,,,,,174.36,,,,,,,,,,,,,,
HUN_Szarvaskő_027/5,Szarvaskő,,,,,,,,,,,,,,,,,,,,,,,,,5150.76,,,,,,,,,,,,,,
HUN_Szarvaskő_027/9,Szarvaskő,,,,,,,,,,,,,,,,,,,,,,,,,2151.295,,,,,,,,,,,,,,
HUN_Szarvaskő_028,Szarvaskő,,,,,,,,,,,,,,,,,,,,,,,,,38816.28978,,,,,,,,,,,,,,
HUN_Szarvaskő_029,Szarvaskő,,,,,,,,,,,,,,,,,,,,,,,,,28712.225,,,,,,,,,,,,,,
HUN_Szarvaskő_03,Szarvaskő,,,,,,,,,,,,,,,,,,,,,,,,,51.06500003,,,,,,,,,,,,,,
HUN_Szarvaskő_030/1,Szarvaskő,,,,,,,,,,,,,,,,,,,,,,,,,8502.865105,,,,,,,,,,,,,,
HUN_Szarvaskő_030/10,Szarvaskő,,,,,,,,,,,,,,,,,,,,,,,,,2263.63,,,,,,,,,,,,,,
HUN_Szarvaskő_030/11,Szarvaskő,,,,,,,,,,,,,,,,,,,,,,,,,4864.305,,,,,,,,,,,,,,
HUN_Szarvaskő_030/12,Szarvaskő,,,,,,,,,,,,,,,,,,,,,,,,,7763.705,,,,,,,,,,,,,,
HUN_Szarvaskő_030/13,Szarvaskő,,,,,,,,,,,,,,,,,,,,,,,,,8333.85,,,,,,,,,,,,,,
HUN_Szarvaskő_030/14,Szarvaskő,,,,,,,,,,,,,,,,,,,,,,,,,12897.89,,,,,,,,,,,,,,
HUN_Szarvaskő_030/15,Szarvaskő,,,,,,,,,,,,,,,,,,,,,,,,,1500.040001,,,,,,,,,,,,,,
HUN_Szarvaskő_030/16,Szarvaskő,,,,,,,,,,,,,,,,,,,,,,,,,15904.775,,,,,,,,,,,,,,
HUN_Szarvaskő_030/17,Szarvaskő,,,,,,,,,,,,,,,,,,,,,,,,,2425.365,,,,,,,,,,,,,,
HUN_Szarvaskő_030/18,Szarvaskő,,,,,,,,,,,,,,,,,,,,,,,,,14914.855,,,,,,,,,,,,,,
HUN_Szarvaskő_030/19,Szarvaskő,,,,,,,,,,,,,,,,,,,,,,,,,8613.36,,,,,,,,,,,,,,
HUN_Szarvaskő_030/2,Szarvaskő,,,,,,,,,,,,,,,,,,,,,,,,,5576.005,,,,,,,,,,,,,,
HUN_Szarvaskő_030/20,Szarvaskő,,,,,,,,,,,,,,,,,,,,,,,,,15476.215,,,,,,,,,,,,,,
HUN_Szarvaskő_030/3,Szarvaskő,,,,,,,,,,,,,,,,,,,,,,,,,19635.635,,,,,,,,,,,,,,
HUN_Szarvaskő_030/4,Szarvaskő,,,,,,,,,,,,,,,,,,,,,,,,,2049.615,,,,,,,,,,,,,,
HUN_Szarvaskő_030/5,Szarvaskő,,,,,,,,,,,,,,,,,,,,,,,,,9809.15,,,,,,,,,,,,,,
HUN_Szarvaskő_030/6,Szarvaskő,,,,,,,,,,,,,,,,,,,,,,,,,5263.98,,,,,,,,,,,,,,
HUN_Szarvaskő_030/7,Szarvaskő,,,,,,,,,,,,,,,,,,,,,,,,,2579.4,,,,,,,,,,,,,,
HUN_Szarvaskő_030/8,Szarvaskő,,,,,,,,,,,,,,,,,,,,,,,,,17942.2,,,,,,,,,,,,,,
HUN_Szarvaskő_030/9,Szarvaskő,,,,,,,,,,,,,,,,,,,,,,,,,1761.55,,,,,,,,,,,,,,
HUN_Szarvaskő_031/1,Szarvaskő,,,,,,,,,,,,,,,,,,,,,,,,,2682.255,,,,,,,,,,,,,,
HUN_Szarvaskő_031/2,Szarvaskő,,,,,,,,,,,,,,,,,,,,,,,,,2334.9,,,,,,,,,,,,,,
HUN_Szarvaskő_031/3,Szarvaskő,,,,,,,,,,,,,,,,,,,,,,,,,11325.3,,,,,,,,,,,,,,
HUN_Szarvaskő_031/4/a,Szarvaskő,,,,,,,,,,,,,,,,,,,,,,,,,25760.13,,,,,,,,,,,,,,
HUN_Szarvaskő_031/4/b,Szarvaskő,,,,,,,,,,,,,,,,,,,,,,,,,230126.9022,,,,,,,,,,,,,,
HUN_Szarvaskő_031/4/c,Szarvaskő,,,,,,,,,,,,,,,,,,,,,,,,,31998.3266,,,,,,,,,,,,,,
HUN_Szarvaskő_031/4/d,Szarvaskő,,,,,,,,,,,,,,,,,,,,,,,,,7842.605,,,,,,,,,,,,,,
HUN_Szarvaskő_031/4/f,Szarvaskő,,,,,,,,,,,,,,,,,,,,,,,,,1431.62,,,,,,,,,,,,,,
HUN_Szarvaskő_032,Szarvaskő,,,,,,,,,,,,,,,,,,,,,,,,,3098.25,,,,,,,,,,,,,,
HUN_Szarvaskő_033/1,Szarvaskő,,,,,,,,,,,,,,,,,,,,,,,,,4786.32828,,,,,,,,,,,,,,
HUN_Szarvaskő_033/10,Szarvaskő,,,,,,,,,,,,,,,,,,,,,,,,,2337.595,,,,,,,,,,,,,,
HUN_Szarvaskő_033/11,Szarvaskő,,,,,,,,,,,,,,,,,,,,,,,,,894.9600001,,,,,,,,,,,,,,
HUN_Szarvaskő_033/12,Szarvaskő,,,,,,,,,,,,,,,,,,,,,,,,,2827.995,,,,,,,,,,,,,,
HUN_Szarvaskő_033/13,Szarvaskő,,,,,,,,,,,,,,,,,,,,,,,,,1456.645,,,,,,,,,,,,,,
HUN_Szarvaskő_033/14,Szarvaskő,,,,,,,,,,,,,,,,,,,,,,,,,1253.52,,,,,,,,,,,,,,
HUN_Szarvaskő_033/15,Szarvaskő,,,,,,,,,,,,,,,,,,,,,,,,,1330.875,,,,,,,,,,,,,,
HUN_Szarvaskő_033/16,Szarvaskő,,,,,,,,,,,,,,,,,,,,,,,,,1027.605,,,,,,,,,,,,,,
HUN_Szarvaskő_033/17,Szarvaskő,,,,,,,,,,,,,,,,,,,,,,,,,5689.74,,,,,,,,,,,,,,
HUN_Szarvaskő_033/18,Szarvaskő,,,,,,,,,,,,,,,,,,,,,,,,,1489.84,,,,,,,,,,,,,,
HUN_Szarvaskő_033/19,Szarvaskő,,,,,,,,,,,,,,,,,,,,,,,,,800.0649999,,,,,,,,,,,,,,
HUN_Szarvaskő_033/2,Szarvaskő,,,,,,,,,,,,,,,,,,,,,,,,,2777.01671,,,,,,,,,,,,,,
HUN_Szarvaskő_033/3,Szarvaskő,,,,,,,,,,,,,,,,,,,,,,,,,14045.76,,,,,,,,,,,,,,
HUN_Szarvaskő_033/4,Szarvaskő,,,,,,,,,,,,,,,,,,,,,,,,,5570.55,,,,,,,,,,,,,,
HUN_Szarvaskő_033/5,Szarvaskő,,,,,,,,,,,,,,,,,,,,,,,,,3421.49,,,,,,,,,,,,,,
HUN_Szarvaskő_033/6,Szarvaskő,,,,,,,,,,,,,,,,,,,,,,,,,795.7149999,,,,,,,,,,,,,,
HUN_Szarvaskő_033/7,Szarvaskő,,,,,,,,,,,,,,,,,,,,,,,,,3937.715,,,,,,,,,,,,,,
HUN_Szarvaskő_033/8,Szarvaskő,,,,,,,,,,,,,,,,,,,,,,,,,2692.14,,,,,,,,,,,,,,
HUN_Szarvaskő_034,Szarvaskő,,,,,,,,,,,,,,,,,,,,,,,,,3649.29551,,,,,,,,,,,,,,
HUN_Szarvaskő_035,Szarvaskő,,,,,,,,,,,,,,,,,,,,,,,,,26856.43924,,,,,,,,,,,,,,
HUN_Szarvaskő_037,Szarvaskő,,,,,,,,,,,,,,,,,,,,,,,,,3329.11387,,,,,,,,,,,,,,
HUN_Szarvaskő_038/1/a,Szarvaskő,,,,,,,,,,,,,,,,,,,,,,,,,15655.1,,,,,,,,,,,,,,
HUN_Szarvaskő_038/1/b,Szarvaskő,,,,,,,,,,,,,,,,,,,,,,,,,20441.33,,,,,,,,,,,,,,
HUN_Szarvaskő_038/2,Szarvaskő,,,,,,,,,,,,,,,,,,,,,,,,,65.92,,,,,,,,,,,,,,
HUN_Szarvaskő_038/3,Szarvaskő,,,,,,,,,,,,,,,,,,,,,,,,,1241.96,,,,,,,,,,,,,,
HUN_Szarvaskő_039/1,Szarvaskő,,,,,,,,,,,,,,,,,,,,,,,,,743.4650002,,,,,,,,,,,,,,
HUN_Szarvaskő_039/2,Szarvaskő,,,,,,,,,,,,,,,,,,,,,,,,,4047.495,,,,,,,,,,,,,,
HUN_Szarvaskő_039/3,Szarvaskő,,,,,,,,,,,,,,,,,,,,,,,,,5335.485,,,,,,,,,,,,,,
HUN_Szarvaskő_039/4,Szarvaskő,,,,,,,,,,,,,,,,,,,,,,,,,3708.04,,,,,,,,,,,,,,
HUN_Szarvaskő_039/5,Szarvaskő,,,,,,,,,,,,,,,,,,,,,,,,,8486.025,,,,,,,,,,,,,,
HUN_Szarvaskő_039/6,Szarvaskő,,,,,,,,,,,,,,,,,,,,,,,,,24643.1,,,,,,,,,,,,,,
HUN_Szarvaskő_04,Szarvaskő,,,,,,,,,,,,,,,,,,,,,,,,,973.095,,,,,,,,,,,,,,
HUN_Szarvaskő_040/1,Szarvaskő,,,,,,,,,,,,,,,,,,,,,,,,,8531.34,,,,,,,,,,,,,,
HUN_Szarvaskő_040/2,Szarvaskő,,,,,,,,,,,,,,,,,,,,,,,,,6078.36,,,,,,,,,,,,,,
HUN_Szarvaskő_040/3,Szarvaskő,,,,,,,,,,,,,,,,,,,,,,,,,13267.62952,,,,,,,,,,,,,,
HUN_Szarvaskő_040/4,Szarvaskő,,,,,,,,,,,,,,,,,,,,,,,,,11471.93361,,,,,,,,,,,,,,
HUN_Szarvaskő_040/5,Szarvaskő,,,,,,,,,,,,,,,,,,,,,,,,,7106.315105,,,,,,,,,,,,,,
HUN_Szarvaskő_040/6,Szarvaskő,,,,,,,,,,,,,,,,,,,,,,,,,12099.03716,,,,,,,,,,,,,,
HUN_Szarvaskő_041/1,Szarvaskő,,,,,,,,,,,,,,,,,,,,,,,,,40135.69475,,,,,,,,,,,,,,
HUN_Szarvaskő_041/2/a,Szarvaskő,,,,,,,,,,,,,,,,,,,,,,,,,108106.2353,,,,,,,,,,,,,,
HUN_Szarvaskő_041/2/b,Szarvaskő,,,,,,,,,,,,,,,,,,,,,,,,,3914.575,,,,,,,,,,,,,,
HUN_Szarvaskő_041/2/c,Szarvaskő,,,,,,,,,,,,,,,,,,,,,,,,,12834.83,,,,,,,,,,,,,,
HUN_Szarvaskő_041/2/d,Szarvaskő,,,,,,,,,,,,,,,,,,,,,,,,,45439.55721,,,,,,,,,,,,,,
HUN_Szarvaskő_041/2/d,Szarvaskő,,,,,,,,,,,,,,,,,,,,,,,,,40133.85476,,,,,,,,,,,,,,
HUN_Szarvaskő_042,Szarvaskő,,,,,,,,,,,,,,,,,,,,,,,,,379715.8341,,,,,,,,,,,,,,
HUN_Szarvaskő_043/1,Szarvaskő,,,,,,,,,,,,,,,,,,,,,,,,,13437.86,,,,,,,,,,,,,,
HUN_Szarvaskő_043/2,Szarvaskő,,,,,,,,,,,,,,,,,,,,,,,,,23173.09068,,,,,,,,,,,,,,
HUN_Szarvaskő_044,Szarvaskő,,,,,,,,,,,,,,,,,,,,,,,,,3605.845117,,,,,,,,,,,,,,
HUN_Szarvaskő_045,Szarvaskő,,,,,,,,,,,,,,,,,,,,,,,,,10404.04168,,,,,,,,,,,,,,
HUN_Szarvaskő_046/1,Szarvaskő,,,,,,,,,,,,,,,,,,,,,,,,,20048.34,,,,,,,,,,,,,,
HUN_Szarvaskő_046/3,Szarvaskő,,,,,,,,,,,,,,,,,,,,,,,,,219766.8771,,,,,,,,,,,,,,
HUN_Szarvaskő_046/4,Szarvaskő,,,,,,,,,,,,,,,,,,,,,,,,,39872.26527,,,,,,,,,,,,,,
HUN_Szarvaskő_047/1,Szarvaskő,,,,,,,,,,,,,,,,,,,,,,,,,36285.47207,,,,,,,,,,,,,,
HUN_Szarvaskő_047/1,Szarvaskő,,,,,,,,,,,,,,,,,,,,,,,,,1137383.396,,,,,,,,,,,,,,
HUN_Szarvaskő_047/1,Szarvaskő,,,,,,,,,,,,,,,,,,,,,,,,,18200.84142,,,,,,,,,,,,,,
HUN_Szarvaskő_047/2,Szarvaskő,,,,,,,,,,,,,,,,,,,,,,,,,477.87,,,,,,,,,,,,,,
HUN_Szarvaskő_048,Szarvaskő,,,,,,,,,,,,,,,,,,,,,,,,,2605.205,,,,,,,,,,,,,,
HUN_Szarvaskő_049,Szarvaskő,,,,,,,,,,,,,,,,,,,,,,,,,1312.564172,,,,,,,,,,,,,,
HUN_Szarvaskő_05/1,Szarvaskő,,,,,,,,,,,,,,,,,,,,,,,,,27012.91972,,,,,,,,,,,,,,
HUN_Szarvaskő_05/10,Szarvaskő,,,,,,,,,,,,,,,,,,,,,,,,,32917.6049,,,,,,,,,,,,,,
HUN_Szarvaskő_05/14,Szarvaskő,,,,,,,,,,,,,,,,,,,,,,,,,1501.89,,,,,,,,,,,,,,
HUN_Szarvaskő_05/15,Szarvaskő,,,,,,,,,,,,,,,,,,,,,,,,,743.3600001,,,,,,,,,,,,,,
HUN_Szarvaskő_05/16,Szarvaskő,,,,,,,,,,,,,,,,,,,,,,,,,612.1199999,,,,,,,,,,,,,,
HUN_Szarvaskő_05/17,Szarvaskő,,,,,,,,,,,,,,,,,,,,,,,,,672.985,,,,,,,,,,,,,,
HUN_Szarvaskő_05/18,Szarvaskő,,,,,,,,,,,,,,,,,,,,,,,,,940.785,,,,,,,,,,,,,,
HUN_Szarvaskő_05/19,Szarvaskő,,,,,,,,,,,,,,,,,,,,,,,,,2699.815,,,,,,,,,,,,,,
HUN_Szarvaskő_05/20,Szarvaskő,,,,,,,,,,,,,,,,,,,,,,,,,1655.96422,,,,,,,,,,,,,,
HUN_Szarvaskő_05/21,Szarvaskő,,,,,,,,,,,,,,,,,,,,,,,,,153.114905,,,,,,,,,,,,,,
HUN_Szarvaskő_05/22/a,Szarvaskő,,,,,,,,,,,,,,,,,,,,,,,,,14466.03343,,,,,,,,,,,,,,
HUN_Szarvaskő_05/22/b,Szarvaskő,,,,,,,,,,,,,,,,,,,,,,,,,415530.7974,,,,,,,,,,,,,,
HUN_Szarvaskő_05/22/c,Szarvaskő,,,,,,,,,,,,,,,,,,,,,,,,,1144.4,,,,,,,,,,,,,,
HUN_Szarvaskő_05/4,Szarvaskő,,,,,,,,,,,,,,,,,,,,,,,,,930.484615,,,,,,,,,,,,,,
HUN_Szarvaskő_05/5,Szarvaskő,,,,,,,,,,,,,,,,,,,,,,,,,923.7499999,,,,,,,,,,,,,,
HUN_Szarvaskő_05/6,Szarvaskő,,,,,,,,,,,,,,,,,,,,,,,,,107195.8093,,,,,,,,,,,,,,
HUN_Szarvaskő_05/7,Szarvaskő,,,,,,,,,,,,,,,,,,,,,,,,,1197.345,,,,,,,,,,,,,,
HUN_Szarvaskő_05/8,Szarvaskő,,,,,,,,,,,,,,,,,,,,,,,,,5667.895,,,,,,,,,,,,,,
HUN_Szarvaskő_05/9,Szarvaskő,,,,,,,,,,,,,,,,,,,,,,,,,213042.5716,,,,,,,,,,,,,,
HUN_Szarvaskő_050,Szarvaskő,,,,,,,,,,,,,,,,,,,,,,,,,2463.365,,,,,,,,,,,,,,
HUN_Szarvaskő_051,Szarvaskő,,,,,,,,,,,,,,,,,,,,,,,,,4296.780328,,,,,,,,,,,,,,
HUN_Szarvaskő_052,Szarvaskő,,,,,,,,,,,,,,,,,,,,,,,,,2610.59985,,,,,,,,,,,,,,
HUN_Szarvaskő_053,Szarvaskő,,,,,,,,,,,,,,,,,,,,,,,,,4455.355,,,,,,,,,,,,,,
HUN_Szarvaskő_054,Szarvaskő,,,,,,,,,,,,,,,,,,,,,,,,,838.9904523,,,,,,,,,,,,,,
HUN_Szarvaskő_055,Szarvaskő,,,,,,,,,,,,,,,,,,,,,,,,,3098.0442,,,,,,,,,,,,,,
HUN_Szarvaskő_056/1,Szarvaskő,,,,,,,,,,,,,,,,,,,,,,,,,130.08,,,,,,,,,,,,,,
HUN_Szarvaskő_056/2,Szarvaskő,,,,,,,,,,,,,,,,,,,,,,,,,115.47,,,,,,,,,,,,,,
HUN_Szarvaskő_057,Szarvaskő,,,,,,,,,,,,,,,,,,,,,,,,,2033.77,,,,,,,,,,,,,,
HUN_Szarvaskő_058,Szarvaskő,,,,,,,,,,,,,,,,,,,,,,,,,1079.08,,,,,,,,,,,,,,
HUN_Szarvaskő_059,Szarvaskő,,,,,,,,,,,,,,,,,,,,,,,,,7492.985,,,,,,,,,,,,,,
HUN_Szarvaskő_06,Szarvaskő,,,,,,,,,,,,,,,,,,,,,,,,,17971.66528,,,,,,,,,,,,,,
HUN_Szarvaskő_060,Szarvaskő,,,,,,,,,,,,,,,,,,,,,,,,,11193.06,,,,,,,,,,,,,,
HUN_Szarvaskő_061,Szarvaskő,,,,,,,,,,,,,,,,,,,,,,,,,49609.81113,,,,,,,,,,,,,,
HUN_Szarvaskő_062,Szarvaskő,,,,,,,,,,,,,,,,,,,,,,,,,2796.745,,,,,,,,,,,,,,
HUN_Szarvaskő_063,Szarvaskő,,,,,,,,,,,,,,,,,,,,,,,,,861.8450003,,,,,,,,,,,,,,
HUN_Szarvaskő_064,Szarvaskő,,,,,,,,,,,,,,,,,,,,,,,,,3783.88,,,,,,,,,,,,,,
HUN_Szarvaskő_065,Szarvaskő,,,,,,,,,,,,,,,,,,,,,,,,,784.2449998,,,,,,,,,,,,,,
HUN_Szarvaskő_066,Szarvaskő,,,,,,,,,,,,,,,,,,,,,,,,,5178.95,,,,,,,,,,,,,,
HUN_Szarvaskő_067/4,Szarvaskő,,,,,,,,,,,,,,,,,,,,,,,,,6140.018772,,,,,,,,,,,,,,
HUN_Szarvaskő_068/1,Szarvaskő,,,,,,,,,,,,,,,,,,,,,,,,,2093281.772,,,,,,,,,,,,,,
HUN_Szarvaskő_068/2,Szarvaskő,,,,,,,,,,,,,,,,,,,,,,,,,2237.655,,,,,,,,,,,,,,
HUN_Szarvaskő_068/3,Szarvaskő,,,,,,,,,,,,,,,,,,,,,,,,,19933.64055,,,,,,,,,,,,,,
HUN_Szarvaskő_069,Szarvaskő,,,,,,,,,,,,,,,,,,,,,,,,,14379.02453,,,,,,,,,,,,,,
HUN_Szarvaskő_070/5,Szarvaskő,,,,,,,,,,,,,,,,,,,,,,,,,552686.7743,,,,,,,,,,,,,,
HUN_Szarvaskő_070/6/a,Szarvaskő,,,,,,,,,,,,,,,,,,,,,,,,,2975803.861,,,,,,,,,,,,,,
HUN_Szarvaskő_070/6/b,Szarvaskő,,,,,,,,,,,,,,,,,,,,,,,,,16564.605,,,,,,,,,,,,,,
HUN_Szarvaskő_072,Szarvaskő,,,,,,,,,,,,,,,,,,,,,,,,,23060.37483,,,,,,,,,,,,,,
HUN_Szarvaskő_073,Szarvaskő,,,,,,,,,,,,,,,,,,,,,,,,,7523.535,,,,,,,,,,,,,,
HUN_Szarvaskő_077/1,Szarvaskő,,,,,,,,,,,,,,,,,,,,,,,,,6161.23,,,,,,,,,,,,,,
HUN_Szarvaskő_077/2,Szarvaskő,,,,,,,,,,,,,,,,,,,,,,,,,14606.515,,,,,,,,,,,,,,
HUN_Szarvaskő_077/3,Szarvaskő,,,,,,,,,,,,,,,,,,,,,,,,,2159.615,,,,,,,,,,,,,,
HUN_Szarvaskő_078/1,Szarvaskő,,,,,,,,,,,,,,,,,,,,,,,,,4912.58,,,,,,,,,,,,,,
HUN_Szarvaskő_078/2,Szarvaskő,,,,,,,,,,,,,,,,,,,,,,,,,1561.82,,,,,,,,,,,,,,
HUN_Szarvaskő_078/3,Szarvaskő,,,,,,,,,,,,,,,,,,,,,,,,,2760.36,,,,,,,,,,,,,,
HUN_Szarvaskő_078/4,Szarvaskő,,,,,,,,,,,,,,,,,,,,,,,,,2670.545,,,,,,,,,,,,,,
HUN_Szarvaskő_078/5,Szarvaskő,,,,,,,,,,,,,,,,,,,,,,,,,1626.595,,,,,,,,,,,,,,
HUN_Szarvaskő_079,Szarvaskő,,,,,,,,,,,,,,,,,,,,,,,,,7498.690585,,,,,,,,,,,,,,
HUN_Szarvaskő_080,Szarvaskő,,,,,,,,,,,,,,,,,,,,,,,,,11232.47,,,,,,,,,,,,,,
HUN_Szarvaskő_081/1,Szarvaskő,,,,,,,,,,,,,,,,,,,,,,,,,6349.105,,,,,,,,,,,,,,
HUN_Szarvaskő_081/2,Szarvaskő,,,,,,,,,,,,,,,,,,,,,,,,,1285.3,,,,,,,,,,,,,,
HUN_Szarvaskő_083,Szarvaskő,,,,,,,,,,,,,,,,,,,,,,,,,63124.99193,,,,,,,,,,,,,,
HUN_Szarvaskő_084/1,Szarvaskő,,,,,,,,,,,,,,,,,,,,,,,,,2394.63,,,,,,,,,,,,,,
HUN_Szarvaskő_084/2,Szarvaskő,,,,,,,,,,,,,,,,,,,,,,,,,2679.255,,,,,,,,,,,,,,
HUN_Szarvaskő_084/3,Szarvaskő,,,,,,,,,,,,,,,,,,,,,,,,,1553.395,,,,,,,,,,,,,,
HUN_Szarvaskő_084/4,Szarvaskő,,,,,,,,,,,,,,,,,,,,,,,,,2778.28,,,,,,,,,,,,,,
HUN_Szarvaskő_085/1,Szarvaskő,,,,,,,,,,,,,,,,,,,,,,,,,2364.19,,,,,,,,,,,,,,
HUN_Szarvaskő_085/2,Szarvaskő,,,,,,,,,,,,,,,,,,,,,,,,,3163.61,,,,,,,,,,,,,,
HUN_Szarvaskő_086/1,Szarvaskő,,,,,,,,,,,,,,,,,,,,,,,,,2812.265,,,,,,,,,,,,,,
HUN_Szarvaskő_086/2,Szarvaskő,,,,,,,,,,,,,,,,,,,,,,,,,5126.37,,,,,,,,,,,,,,
HUN_Szarvaskő_087,Szarvaskő,,,,,,,,,,,,,,,,,,,,,,,,,3677.83,,,,,,,,,,,,,,
HUN_Szarvaskő_088,Szarvaskő,,,,,,,,,,,,,,,,,,,,,,,,,3647.355,,,,,,,,,,,,,,
HUN_Szarvaskő_089/10,Szarvaskő,,,,,,,,,,,,,,,,,,,,,,,,,4995.74092,,,,,,,,,,,,,,
HUN_Szarvaskő_089/2,Szarvaskő,,,,,,,,,,,,,,,,,,,,,,,,,9777.53,,,,,,,,,,,,,,
HUN_Szarvaskő_089/3,Szarvaskő,,,,,,,,,,,,,,,,,,,,,,,,,3832.68,,,,,,,,,,,,,,
HUN_Szarvaskő_089/4,Szarvaskő,,,,,,,,,,,,,,,,,,,,,,,,,4165.38,,,,,,,,,,,,,,
HUN_Szarvaskő_089/5,Szarvaskő,,,,,,,,,,,,,,,,,,,,,,,,,2302.165,,,,,,,,,,,,,,
HUN_Szarvaskő_089/6,Szarvaskő,,,,,,,,,,,,,,,,,,,,,,,,,2589.175,,,,,,,,,,,,,,
HUN_Szarvaskő_089/7,Szarvaskő,,,,,,,,,,,,,,,,,,,,,,,,,2255.63,,,,,,,,,,,,,,
HUN_Szarvaskő_089/8,Szarvaskő,,,,,,,,,,,,,,,,,,,,,,,,,853.3049999,,,,,,,,,,,,,,
HUN_Szarvaskő_089/9,Szarvaskő,,,,,,,,,,,,,,,,,,,,,,,,,387.99,,,,,,,,,,,,,,
HUN_Szarvaskő_09/1,Szarvaskő,,,,,,,,,,,,,,,,,,,,,,,,,2003.59947,,,,,,,,,,,,,,
HUN_Szarvaskő_09/2,Szarvaskő,,,,,,,,,,,,,,,,,,,,,,,,,1994.5,,,,,,,,,,,,,,
HUN_Szarvaskő_09/3,Szarvaskő,,,,,,,,,,,,,,,,,,,,,,,,,27152.57127,,,,,,,,,,,,,,
HUN_Szarvaskő_090/1,Szarvaskő,,,,,,,,,,,,,,,,,,,,,,,,,1814.085,,,,,,,,,,,,,,
HUN_Szarvaskő_090/2,Szarvaskő,,,,,,,,,,,,,,,,,,,,,,,,,1797.78,,,,,,,,,,,,,,
HUN_Szarvaskő_090/3,Szarvaskő,,,,,,,,,,,,,,,,,,,,,,,,,987.4449999,,,,,,,,,,,,,,
HUN_Szarvaskő_091,Szarvaskő,,,,,,,,,,,,,,,,,,,,,,,,,2160.05,,,,,,,,,,,,,,
HUN_Szarvaskő_092,Szarvaskő,,,,,,,,,,,,,,,,,,,,,,,,,14224.765,,,,,,,,,,,,,,
HUN_Szarvaskő_093,Szarvaskő,,,,,,,,,,,,,,,,,,,,,,,,,4774.01,,,,,,,,,,,,,,
HUN_Szarvaskő_094,Szarvaskő,,,,,,,,,,,,,,,,,,,,,,,,,4417.615,,,,,,,,,,,,,,
HUN_Szarvaskő_095/5/a,Szarvaskő,,,,,,,,,,,,,,,,,,,,,,,,,545.1449999,,,,,,,,,,,,,,
HUN_Szarvaskő_095/4/b,Szarvaskő,,,,,,,,,,,,,,,,,,,,,,,,,3926.235919,,,,,,,,,,,,,,
HUN_Szarvaskő_095/5/c,Szarvaskő,,,,,,,,,,,,,,,,,,,,,,,,,945.625,,,,,,,,,,,,,,
HUN_Szarvaskő_095/5/c,Szarvaskő,,,,,,,,,,,,,,,,,,,,,,,,,1027.075,,,,,,,,,,,,,,
HUN_Szarvaskő_096,Szarvaskő,,,,,,,,,,,,,,,,,,,,,,,,,358.5588563,,,,,,,,,,,,,,
HUN_Szarvaskő_096,Szarvaskő,,,,,,,,,,,,,,,,,,,,,,,,,18533.29193,,,,,,,,,,,,,,
HUN_Szarvaskő_401/2,Szarvaskő,,,,,,,,,,,,,,,,,,,,,,,,,1660.465,,,,,,,,,,,,,,
HUN_Szarvaskő_402,Szarvaskő,,,,,,,,,,,,,,,,,,,,,,,,,1455.73,,,,,,,,,,,,,,
HUN_Szarvaskő_404,Szarvaskő,,,,,,,,,,,,,,,,,,,,,,,,,783.785,,,,,,,,,,,,,,
HUN_Szarvaskő_405/1,Szarvaskő,,,,,,,,,,,,,,,,,,,,,,,,,511.155,,,,,,,,,,,,,,
HUN_Szarvaskő_405/2,Szarvaskő,,,,,,,,,,,,,,,,,,,,,,,,,1629.03,,,,,,,,,,,,,,
HUN_Szarvaskő_406,Szarvaskő,,,,,,,,,,,,,,,,,,,,,,,,,2149.00494,,,,,,,,,,,,,,
HUN_Szarvaskő_408,Szarvaskő,,,,,,,,,,,,,,,,,,,,,,,,,515.4049999,,,,,,,,,,,,,,
HUN_Szarvaskő_409/1,Szarvaskő,,,,,,,,,,,,,,,,,,,,,,,,,872.7450601,,,,,,,,,,,,,,
HUN_Szarvaskő_409/2,Szarvaskő,,,,,,,,,,,,,,,,,,,,,,,,,503.01,,,,,,,,,,,,,,
HUN_Szarvaskő_409/3,Szarvaskő,,,,,,,,,,,,,,,,,,,,,,,,,401.6949999,,,,,,,,,,,,,,
HUN_Szarvaskő_410,Szarvaskő,,,,,,,,,,,,,,,,,,,,,,,,,481.245,,,,,,,,,,,,,,
HUN_Szarvaskő_411,Szarvaskő,,,,,,,,,,,,,,,,,,,,,,,,,830.055,,,,,,,,,,,,,,
HUN_Szarvaskő_412,Szarvaskő,,,,,,,,,,,,,,,,,,,,,,,,,1422.445,,,,,,,,,,,,,,
HUN_Szarvaskő_414,Szarvaskő,,,,,,,,,,,,,,,,,,,,,,,,,1530.385,,,,,,,,,,,,,,
HUN_Szarvaskő_415,Szarvaskő,,,,,,,,,,,,,,,,,,,,,,,,,1037.36,,,,,,,,,,,,,,
HUN_Szarvaskő_416,Szarvaskő,,,,,,,,,,,,,,,,,,,,,,,,,817.21,,,,,,,,,,,,,,
HUN_Szarvaskő_417,Szarvaskő,,,,,,,,,,,,,,,,,,,,,,,,,1012.69,,,,,,,,,,,,,,
HUN_Szarvaskő_418,Szarvaskő,,,,,,,,,,,,,,,,,,,,,,,,,765.9599999,,,,,,,,,,,,,,
HUN_Szarvaskő_419,Szarvaskő,,,,,,,,,,,,,,,,,,,,,,,,,754.23,,,,,,,,,,,,,,
HUN_Szarvaskő_420,Szarvaskő,,,,,,,,,,,,,,,,,,,,,,,,,807.195,,,,,,,,,,,,,,
HUN_Szarvaskő_421,Szarvaskő,,,,,,,,,,,,,,,,,,,,,,,,,861.7600001,,,,,,,,,,,,,,
HUN_Szarvaskő_422,Szarvaskő,,,,,,,,,,,,,,,,,,,,,,,,,1384.22,,,,,,,,,,,,,,
HUN_Szarvaskő_423,Szarvaskő,,,,,,,,,,,,,,,,,,,,,,,,,774.38,,,,,,,,,,,,,,
HUN_Szarvaskő_424,Szarvaskő,,,,,,,,,,,,,,,,,,,,,,,,,752.55,,,,,,,,,,,,,,
HUN_Szarvaskő_425,Szarvaskő,,,,,,,,,,,,,,,,,,,,,,,,,824.98,,,,,,,,,,,,,,
HUN_Szarvaskő_426,Szarvaskő,,,,,,,,,,,,,,,,,,,,,,,,,801.755,,,,,,,,,,,,,,
HUN_Szarvaskő_427,Szarvaskő,,,,,,,,,,,,,,,,,,,,,,,,,932.71,,,,,,,,,,,,,,
HUN_Szarvaskő_428,Szarvaskő,,,,,,,,,,,,,,,,,,,,,,,,,914.6400001,,,,,,,,,,,,,,
HUN_Szarvaskő_429,Szarvaskő,,,,,,,,,,,,,,,,,,,,,,,,,1032.36,,,,,,,,,,,,,,
HUN_Szarvaskő_430,Szarvaskő,,,,,,,,,,,,,,,,,,,,,,,,,1006.24,,,,,,,,,,,,,,
HUN_Szarvaskő_431,Szarvaskő,,,,,,,,,,,,,,,,,,,,,,,,,855.8349999,,,,,,,,,,,,,,
HUN_Szarvaskő_432,Szarvaskő,,,,,,,,,,,,,,,,,,,,,,,,,797.15,,,,,,,,,,,,,,
HUN_Szarvaskő_433,Szarvaskő,,,,,,,,,,,,,,,,,,,,,,,,,2382.965,,,,,,,,,,,,,,
HUN_Szarvaskő_434/1,Szarvaskő,,,,,,,,,,,,,,,,,,,,,,,,,2306.525,,,,,,,,,,,,,,
HUN_Szarvaskő_434/2,Szarvaskő,,,,,,,,,,,,,,,,,,,,,,,,,1151.205,,,,,,,,,,,,,,
HUN_Szarvaskő_435/1,Szarvaskő,,,,,,,,,,,,,,,,,,,,,,,,,1354.495,,,,,,,,,,,,,,
HUN_Szarvaskő_435/2,Szarvaskő,,,,,,,,,,,,,,,,,,,,,,,,,1710.41,,,,,,,,,,,,,,
HUN_Szarvaskő_436,Szarvaskő,,,,,,,,,,,,,,,,,,,,,,,,,3171.425,,,,,,,,,,,,,,
HUN_Szarvaskő_437,Szarvaskő,,,,,,,,,,,,,,,,,,,,,,,,,2862.15,,,,,,,,,,,,,,
HUN_Szarvaskő_438,Szarvaskő,,,,,,,,,,,,,,,,,,,,,,,,,1383.5,,,,,,,,,,,,,,
HUN_Szarvaskő_439,Szarvaskő,,,,,,,,,,,,,,,,,,,,,,,,,1323.35,,,,,,,,,,,,,,
HUN_Szarvaskő_440,Szarvaskő,,,,,,,,,,,,,,,,,,,,,,,,,1419.475,,,,,,,,,,,,,,
HUN_Szarvaskő_441,Szarvaskő,,,,,,,,,,,,,,,,,,,,,,,,,1300.5,,,,,,,,,,,,,,
HUN_Szarvaskő_442,Szarvaskő,,,,,,,,,,,,,,,,,,,,,,,,,2923.695,,,,,,,,,,,,,,
HUN_Szarvaskő_443,Szarvaskő,,,,,,,,,,,,,,,,,,,,,,,,,1222.015,,,,,,,,,,,,,,
HUN_Szarvaskő_444,Szarvaskő,,,,,,,,,,,,,,,,,,,,,,,,,121.16,,,,,,,,,,,,,,
HUN_Szarvaskő_445,Szarvaskő,,,,,,,,,,,,,,,,,,,,,,,,,118.22,,,,,,,,,,,,,,
HUN_Szarvaskő_446,Szarvaskő,,,,,,,,,,,,,,,,,,,,,,,,,1108.06,,,,,,,,,,,,,,
HUN_Szarvaskő_447,Szarvaskő,,,,,,,,,,,,,,,,,,,,,,,,,1157.43,,,,,,,,,,,,,,
HUN_Szarvaskő_448,Szarvaskő,,,,,,,,,,,,,,,,,,,,,,,,,76.26500003,,,,,,,,,,,,,,
HUN_Szarvaskő_449,Szarvaskő,,,,,,,,,,,,,,,,,,,,,,,,,122.315,,,,,,,,,,,,,,
HUN_Szarvaskő_450,Szarvaskő,,,,,,,,,,,,,,,,,,,,,,,,,2227.925,,,,,,,,,,,,,,
HUN_Szarvaskő_451,Szarvaskő,,,,,,,,,,,,,,,,,,,,,,,,,993.08,,,,,,,,,,,,,,
HUN_Szarvaskő_453,Szarvaskő,,,,,,,,,,,,,,,,,,,,,,,,,1699.87,,,,,,,,,,,,,,
HUN_Szarvaskő_454/1,Szarvaskő,,,,,,,,,,,,,,,,,,,,,,,,,1104.55,,,,,,,,,,,,,,
HUN_Szarvaskő_454/2,Szarvaskő,,,,,,,,,,,,,,,,,,,,,,,,,1141.71,,,,,,,,,,,,,,
HUN_Szarvaskő_454/3,Szarvaskő,,,,,,,,,,,,,,,,,,,,,,,,,341.405,,,,,,,,,,,,,,
HUN_Szarvaskő_455,Szarvaskő,,,,,,,,,,,,,,,,,,,,,,,,,37.925,,,,,,,,,,,,,,
HUN_Szarvaskő_456,Szarvaskő,,,,,,,,,,,,,,,,,,,,,,,,,636.12,,,,,,,,,,,,,,
HUN_Szarvaskő_457,Szarvaskő,,,,,,,,,,,,,,,,,,,,,,,,,609.72,,,,,,,,,,,,,,
HUN_Szarvaskő_458,Szarvaskő,,,,,,,,,,,,,,,,,,,,,,,,,638.305,,,,,,,,,,,,,,
HUN_Szarvaskő_459,Szarvaskő,,,,,,,,,,,,,,,,,,,,,,,,,618.9,,,,,,,,,,,,,,
HUN_Szarvaskő_460,Szarvaskő,,,,,,,,,,,,,,,,,,,,,,,,,627.6,,,,,,,,,,,,,,
HUN_Szarvaskő_461,Szarvaskő,,,,,,,,,,,,,,,,,,,,,,,,,869.535,,,,,,,,,,,,,,
HUN_Szarvaskő_462,Szarvaskő,,,,,,,,,,,,,,,,,,,,,,,,,970.16,,,,,,,,,,,,,,
HUN_Szarvaskő_463,Szarvaskő,,,,,,,,,,,,,,,,,,,,,,,,,761.585,,,,,,,,,,,,,,
HUN_Szarvaskő_464,Szarvaskő,,,,,,,,,,,,,,,,,,,,,,,,,1297.82,,,,,,,,,,,,,,
HUN_Szarvaskő_465,Szarvaskő,,,,,,,,,,,,,,,,,,,,,,,,,1886.39,,,,,,,,,,,,,,
HUN_Szarvaskő_466,Szarvaskő,,,,,,,,,,,,,,,,,,,,,,,,,1062,,,,,,,,,,,,,,
HUN_Szarvaskő_467,Szarvaskő,,,,,,,,,,,,,,,,,,,,,,,,,906.5249998,,,,,,,,,,,,,,
HUN_Szarvaskő_468,Szarvaskő,,,,,,,,,,,,,,,,,,,,,,,,,1204.35,,,,,,,,,,,,,,
HUN_Szarvaskő_470,Szarvaskő,,,,,,,,,,,,,,,,,,,,,,,,,632.72,,,,,,,,,,,,,,
HUN_Szarvaskő_471,Szarvaskő,,,,,,,,,,,,,,,,,,,,,,,,,634.285,,,,,,,,,,,,,,
HUN_Szarvaskő_472,Szarvaskő,,,,,,,,,,,,,,,,,,,,,,,,,642.2000001,,,,,,,,,,,,,,
HUN_Szarvaskő_473,Szarvaskő,,,,,,,,,,,,,,,,,,,,,,,,,740.7249999,,,,,,,,,,,,,,
HUN_Szarvaskő_474,Szarvaskő,,,,,,,,,,,,,,,,,,,,,,,,,581.74,,,,,,,,,,,,,,
HUN_Szarvaskő_475,Szarvaskő,,,,,,,,,,,,,,,,,,,,,,,,,713.05,,,,,,,,,,,,,,
HUN_Szarvaskő_476,Szarvaskő,,,,,,,,,,,,,,,,,,,,,,,,,815.905,,,,,,,,,,,,,,
HUN_Szarvaskő_477,Szarvaskő,,,,,,,,,,,,,,,,,,,,,,,,,718.94,,,,,,,,,,,,,,
HUN_Szarvaskő_478,Szarvaskő,,,,,,,,,,,,,,,,,,,,,,,,,866.34,,,,,,,,,,,,,,
HUN_Szarvaskő_479,Szarvaskő,,,,,,,,,,,,,,,,,,,,,,,,,737.26,,,,,,,,,,,,,,
HUN_Szarvaskő_480,Szarvaskő,,,,,,,,,,,,,,,,,,,,,,,,,753.4399999,,,,,,,,,,,,,,
HUN_Szarvaskő_481,Szarvaskő,,,,,,,,,,,,,,,,,,,,,,,,,915.095,,,,,,,,,,,,,,
HUN_Szarvaskő_482,Szarvaskő,,,,,,,,,,,,,,,,,,,,,,,,,773.9900001,,,,,,,,,,,,,,
HUN_Szarvaskő_483,Szarvaskő,,,,,,,,,,,,,,,,,,,,,,,,,745.79,,,,,,,,,,,,,,
HUN_Szarvaskő_484,Szarvaskő,,,,,,,,,,,,,,,,,,,,,,,,,979.9300001,,,,,,,,,,,,,,
HUN_Szarvaskő_485,Szarvaskő,,,,,,,,,,,,,,,,,,,,,,,,,677.4399999,,,,,,,,,,,,,,
HUN_Szarvaskő_486,Szarvaskő,,,,,,,,,,,,,,,,,,,,,,,,,793.635,,,,,,,,,,,,,,
HUN_Szarvaskő_487,Szarvaskő,,,,,,,,,,,,,,,,,,,,,,,,,1287.095,,,,,,,,,,,,,,
HUN_Szarvaskő_488,Szarvaskő,,,,,,,,,,,,,,,,,,,,,,,,,1202.025,,,,,,,,,,,,,,
HUN_Szarvaskő_489/1,Szarvaskő,,,,,,,,,,,,,,,,,,,,,,,,,1263.22,,,,,,,,,,,,,,
HUN_Szarvaskő_489/2,Szarvaskő,,,,,,,,,,,,,,,,,,,,,,,,,1060.115,,,,,,,,,,,,,,
HUN_Szarvaskő_490,Szarvaskő,,,,,,,,,,,,,,,,,,,,,,,,,798.75,,,,,,,,,,,,,,
HUN_Szarvaskő_491,Szarvaskő,,,,,,,,,,,,,,,,,,,,,,,,,957.6550001,,,,,,,,,,,,,,
HUN_Szarvaskő_492,Szarvaskő,,,,,,,,,,,,,,,,,,,,,,,,,989.1949999,,,,,,,,,,,,,,
HUN_Szarvaskő_493,Szarvaskő,,,,,,,,,,,,,,,,,,,,,,,,,1041.59,,,,,,,,,,,,,,
HUN_Szarvaskő_494/1,Szarvaskő,,,,,,,,,,,,,,,,,,,,,,,,,1077.76,,,,,,,,,,,,,,
HUN_Szarvaskő_494/2,Szarvaskő,,,,,,,,,,,,,,,,,,,,,,,,,949.91,,,,,,,,,,,,,,
HUN_Szarvaskő_494/3,Szarvaskő,,,,,,,,,,,,,,,,,,,,,,,,,199.7449999,,,,,,,,,,,,,,
HUN_Szarvaskő_495,Szarvaskő,,,,,,,,,,,,,,,,,,,,,,,,,1072.42,,,,,,,,,,,,,,
HUN_Szarvaskő_496,Szarvaskő,,,,,,,,,,,,,,,,,,,,,,,,,824.865,,,,,,,,,,,,,,
HUN_Szarvaskő_497,Szarvaskő,,,,,,,,,,,,,,,,,,,,,,,,,820.74,,,,,,,,,,,,,,
HUN_Szarvaskő_498,Szarvaskő,,,,,,,,,,,,,,,,,,,,,,,,,2914.265,,,,,,,,,,,,,,
HUN_Szarvaskő_499,Szarvaskő,,,,,,,,,,,,,,,,,,,,,,,,,2730.29,,,,,,,,,,,,,,
HUN_Szarvaskő_500,Szarvaskő,,,,,,,,,,,,,,,,,,,,,,,,,3100.245,,,,,,,,,,,,,,
HUN_Szarvaskő_501,Szarvaskő,,,,,,,,,,,,,,,,,,,,,,,,,1695.665,,,,,,,,,,,,,,
HUN_Szarvaskő_502/a,Szarvaskő,,,,,,,,,,,,,,,,,,,,,,,,,1694.909363,,,,,,,,,,,,,,
HUN_Szarvaskő_502/b,Szarvaskő,,,,,,,,,,,,,,,,,,,,,,,,,675.9706369,,,,,,,,,,,,,,
HUN_Szarvaskő_503,Szarvaskő,,,,,,,,,,,,,,,,,,,,,,,,,4150.885,,,,,,,,,,,,,,
HUN_Szarvaskő_504/1,Szarvaskő,,,,,,,,,,,,,,,,,,,,,,,,,934.1749999,,,,,,,,,,,,,,
HUN_Szarvaskő_504/2,Szarvaskő,,,,,,,,,,,,,,,,,,,,,,,,,962.06,,,,,,,,,,,,,,
HUN_Szarvaskő_504/3,Szarvaskő,,,,,,,,,,,,,,,,,,,,,,,,,978.3499999,,,,,,,,,,,,,,
HUN_Szarvaskő_504/4,Szarvaskő,,,,,,,,,,,,,,,,,,,,,,,,,969.24,,,,,,,,,,,,,,
HUN_Szarvaskő_504/5,Szarvaskő,,,,,,,,,,,,,,,,,,,,,,,,,946.275,,,,,,,,,,,,,,
HUN_Szarvaskő_504/6,Szarvaskő,,,,,,,,,,,,,,,,,,,,,,,,,1127.56,,,,,,,,,,,,,,
HUN_Szarvaskő_505,Szarvaskő,,,,,,,,,,,,,,,,,,,,,,,,,2303.675,,,,,,,,,,,,,,
HUN_Szarvaskő_507,Szarvaskő,,,,,,,,,,,,,,,,,,,,,,,,,1175.605,,,,,,,,,,,,,,
HUN_Szarvaskő_508,Szarvaskő,,,,,,,,,,,,,,,,,,,,,,,,,1511.31,,,,,,,,,,,,,,
HUN_Szarvaskő_509,Szarvaskő,,,,,,,,,,,,,,,,,,,,,,,,,3149.7,,,,,,,,,,,,,,
HUN_Szarvaskő_510/2,Szarvaskő,,,,,,,,,,,,,,,,,,,,,,,,,1206.08,,,,,,,,,,,,,,
HUN_Szarvaskő_510/3,Szarvaskő,,,,,,,,,,,,,,,,,,,,,,,,,1161.555,,,,,,,,,,,,,,
HUN_Szarvaskő_510/5,Szarvaskő,,,,,,,,,,,,,,,,,,,,,,,,,1740.37,,,,,,,,,,,,,,
HUN_Szarvaskő_510/6,Szarvaskő,,,,,,,,,,,,,,,,,,,,,,,,,872.385,,,,,,,,,,,,,,
HUN_Szarvaskő_510/7,Szarvaskő,,,,,,,,,,,,,,,,,,,,,,,,,880.56,,,,,,,,,,,,,,
HUN_Szarvaskő_511,Szarvaskő,,,,,,,,,,,,,,,,,,,,,,,,,1361.365,,,,,,,,,,,,,,
HUN_Szarvaskő_511,Szarvaskő,,,,,,,,,,,,,,,,,,,,,,,,,1568.735,,,,,,,,,,,,,,
HUN_Szarvaskő_512,Szarvaskő,,,,,,,,,,,,,,,,,,,,,,,,,2691.86,,,,,,,,,,,,,,
HUN_Szarvaskő_513,Szarvaskő,,,,,,,,,,,,,,,,,,,,,,,,,773.52,,,,,,,,,,,,,,
HUN_Szarvaskő_514,Szarvaskő,,,,,,,,,,,,,,,,,,,,,,,,,811.335,,,,,,,,,,,,,,
HUN_Szarvaskő_515,Szarvaskő,,,,,,,,,,,,,,,,,,,,,,,,,911.4599999,,,,,,,,,,,,,,
HUN_Szarvaskő_516,Szarvaskő,,,,,,,,,,,,,,,,,,,,,,,,,518.865,,,,,,,,,,,,,,
HUN_Szarvaskő_517,Szarvaskő,,,,,,,,,,,,,,,,,,,,,,,,,449.9000001,,,,,,,,,,,,,,
HUN_Szarvaskő_518,Szarvaskő,,,,,,,,,,,,,,,,,,,,,,,,,569.59,,,,,,,,,,,,,,
HUN_Szarvaskő_519,Szarvaskő,,,,,,,,,,,,,,,,,,,,,,,,,781.045,,,,,,,,,,,,,,
HUN_Szarvaskő_520,Szarvaskő,,,,,,,,,,,,,,,,,,,,,,,,,693.5,,,,,,,,,,,,,,
HUN_Szarvaskő_521,Szarvaskő,,,,,,,,,,,,,,,,,,,,,,,,,1450.215,,,,,,,,,,,,,,
HUN_Szarvaskő_522,Szarvaskő,,,,,,,,,,,,,,,,,,,,,,,,,959.76,,,,,,,,,,,,,,
HUN_Szarvaskő_523,Szarvaskő,,,,,,,,,,,,,,,,,,,,,,,,,1476.24,,,,,,,,,,,,,,
HUN_Szarvaskő_524/1,Szarvaskő,,,,,,,,,,,,,,,,,,,,,,,,,817.995,,,,,,,,,,,,,,
HUN_Szarvaskő_524/2,Szarvaskő,,,,,,,,,,,,,,,,,,,,,,,,,811.68,,,,,,,,,,,,,,
HUN_Szarvaskő_524/3,Szarvaskő,,,,,,,,,,,,,,,,,,,,,,,,,735.305,,,,,,,,,,,,,,
HUN_Szarvaskő_524/4,Szarvaskő,,,,,,,,,,,,,,,,,,,,,,,,,138.89,,,,,,,,,,,,,,
HUN_Szarvaskő_525/1,Szarvaskő,,,,,,,,,,,,,,,,,,,,,,,,,815.935,,,,,,,,,,,,,,
HUN_Szarvaskő_525/2,Szarvaskő,,,,,,,,,,,,,,,,,,,,,,,,,817.265,,,,,,,,,,,,,,
HUN_Szarvaskő_526,Szarvaskő,,,,,,,,,,,,,,,,,,,,,,,,,1067.395,,,,,,,,,,,,,,
HUN_Szarvaskő_527,Szarvaskő,,,,,,,,,,,,,,,,,,,,,,,,,914.9250001,,,,,,,,,,,,,,
HUN_Szarvaskő_528,Szarvaskő,,,,,,,,,,,,,,,,,,,,,,,,,1017.18,,,,,,,,,,,,,,
HUN_Szarvaskő_529,Szarvaskő,,,,,,,,,,,,,,,,,,,,,,,,,821.5000001,,,,,,,,,,,,,,
HUN_Szarvaskő_530,Szarvaskő,,,,,,,,,,,,,,,,,,,,,,,,,944.0199999,,,,,,,,,,,,,,
HUN_Szarvaskő_531,Szarvaskő,,,,,,,,,,,,,,,,,,,,,,,,,1153.485,,,,,,,,,,,,,,
HUN_Szarvaskő_532,Szarvaskő,,,,,,,,,,,,,,,,,,,,,,,,,994.7699999,,,,,,,,,,,,,,
HUN_Szarvaskő_533/1,Szarvaskő,,,,,,,,,,,,,,,,,,,,,,,,,795.385,,,,,,,,,,,,,,
HUN_Szarvaskő_533/2,Szarvaskő,,,,,,,,,,,,,,,,,,,,,,,,,851.245,,,,,,,,,,,,,,
HUN_Szarvaskő_534,Szarvaskő,,,,,,,,,,,,,,,,,,,,,,,,,1311.6,,,,,,,,,,,,,,
HUN_Szarvaskő_535,Szarvaskő,,,,,,,,,,,,,,,,,,,,,,,,,1197.115,,,,,,,,,,,,,,
HUN_Szarvaskő_536,Szarvaskő,,,,,,,,,,,,,,,,,,,,,,,,,1886.265,,,,,,,,,,,,,,
HUN_Szarvaskő_537,Szarvaskő,,,,,,,,,,,,,,,,,,,,,,,,,1944.01,,,,,,,,,,,,,,
HUN_Szarvaskő_538,Szarvaskő,,,,,,,,,,,,,,,,,,,,,,,,,1166.595,,,,,,,,,,,,,,
HUN_Szarvaskő_539,Szarvaskő,,,,,,,,,,,,,,,,,,,,,,,,,1199.48,,,,,,,,,,,,,,
HUN_Szarvaskő_540,Szarvaskő,,,,,,,,,,,,,,,,,,,,,,,,,1757.375,,,,,,,,,,,,,,
HUN_Szarvaskő_541,Szarvaskő,,,,,,,,,,,,,,,,,,,,,,,,,1748.415,,,,,,,,,,,,,,
HUN_Szarvaskő_542/1,Szarvaskő,,,,,,,,,,,,,,,,,,,,,,,,,824.95,,,,,,,,,,,,,,
HUN_Szarvaskő_542/2,Szarvaskő,,,,,,,,,,,,,,,,,,,,,,,,,898.325,,,,,,,,,,,,,,
HUN_Szarvaskő_543/1,Szarvaskő,,,,,,,,,,,,,,,,,,,,,,,,,1119.845,,,,,,,,,,,,,,
HUN_Szarvaskő_543/3,Szarvaskő,,,,,,,,,,,,,,,,,,,,,,,,,874.19,,,,,,,,,,,,,,
HUN_Szarvaskő_543/4,Szarvaskő,,,,,,,,,,,,,,,,,,,,,,,,,875.25,,,,,,,,,,,,,,
HUN_Szarvaskő_543/5,Szarvaskő,,,,,,,,,,,,,,,,,,,,,,,,,874.4451,,,,,,,,,,,,,,
HUN_Szarvaskő_543/6,Szarvaskő,,,,,,,,,,,,,,,,,,,,,,,,,656.68,,,,,,,,,,,,,,
HUN_Szarvaskő_543/7,Szarvaskő,,,,,,,,,,,,,,,,,,,,,,,,,657.355,,,,,,,,,,,,,,
HUN_Szarvaskő_543/8,Szarvaskő,,,,,,,,,,,,,,,,,,,,,,,,,521.115,,,,,,,,,,,,,,
HUN_Szarvaskő_544,Szarvaskő,,,,,,,,,,,,,,,,,,,,,,,,,1887.365168,,,,,,,,,,,,,,
HUN_Szarvaskő_545/1,Szarvaskő,,,,,,,,,,,,,,,,,,,,,,,,,848.94,,,,,,,,,,,,,,
HUN_Szarvaskő_545/2,Szarvaskő,,,,,,,,,,,,,,,,,,,,,,,,,817.975,,,,,,,,,,,,,,
HUN_Szarvaskő_545/3,Szarvaskő,,,,,,,,,,,,,,,,,,,,,,,,,755.515,,,,,,,,,,,,,,
HUN_Szarvaskő_545/4,Szarvaskő,,,,,,,,,,,,,,,,,,,,,,,,,727.3600001,,,,,,,,,,,,,,
HUN_Szarvaskő_545/5,Szarvaskő,,,,,,,,,,,,,,,,,,,,,,,,,139.94,,,,,,,,,,,,,,
HUN_Szarvaskő_546,Szarvaskő,,,,,,,,,,,,,,,,,,,,,,,,,1108.75,,,,,,,,,,,,,,
HUN_Szarvaskő_601/1,Szarvaskő,,,,,,,,,,,,,,,,,,,,,,,,,11161.95,,,,,,,,,,,,,,
HUN_Szarvaskő_601/10,Szarvaskő,,,,,,,,,,,,,,,,,,,,,,,,,6689.32,,,,,,,,,,,,,,
HUN_Szarvaskő_601/11,Szarvaskő,,,,,,,,,,,,,,,,,,,,,,,,,2233.61,,,,,,,,,,,,,,
HUN_Szarvaskő_601/12,Szarvaskő,,,,,,,,,,,,,,,,,,,,,,,,,2227.54,,,,,,,,,,,,,,
HUN_Szarvaskő_601/13,Szarvaskő,,,,,,,,,,,,,,,,,,,,,,,,,2230.41,,,,,,,,,,,,,,
HUN_Szarvaskő_601/2,Szarvaskő,,,,,,,,,,,,,,,,,,,,,,,,,2229.54,,,,,,,,,,,,,,
HUN_Szarvaskő_601/3,Szarvaskő,,,,,,,,,,,,,,,,,,,,,,,,,2229.54,,,,,,,,,,,,,,
HUN_Szarvaskő_601/4,Szarvaskő,,,,,,,,,,,,,,,,,,,,,,,,,2229.795,,,,,,,,,,,,,,
HUN_Szarvaskő_601/5,Szarvaskő,,,,,,,,,,,,,,,,,,,,,,,,,2234.45,,,,,,,,,,,,,,
HUN_Szarvaskő_601/6,Szarvaskő,,,,,,,,,,,,,,,,,,,,,,,,,2230.735,,,,,,,,,,,,,,
HUN_Szarvaskő_601/7,Szarvaskő,,,,,,,,,,,,,,,,,,,,,,,,,2220.905,,,,,,,,,,,,,,
HUN_Szarvaskő_601/8,Szarvaskő,,,,,,,,,,,,,,,,,,,,,,,,,2236.185,,,,,,,,,,,,,,
HUN_Szarvaskő_601/9,Szarvaskő,,,,,,,,,,,,,,,,,,,,,,,,,2222.1,,,,,,,,,,,,,,
HUN_Szarvaskő_612/1,Szarvaskő,,,,,,,,,,,,,,,,,,,,,,,,,10108.4309,,,,,,,,,,,,,,
HUN_Szarvaskő_612/10,Szarvaskő,,,,,,,,,,,,,,,,,,,,,,,,,939.385,,,,,,,,,,,,,,
HUN_Szarvaskő_612/11,Szarvaskő,,,,,,,,,,,,,,,,,,,,,,,,,1072.275,,,,,,,,,,,,,,
HUN_Szarvaskő_612/12,Szarvaskő,,,,,,,,,,,,,,,,,,,,,,,,,85.17999995,,,,,,,,,,,,,,
HUN_Szarvaskő_612/13,Szarvaskő,,,,,,,,,,,,,,,,,,,,,,,,,3320.475,,,,,,,,,,,,,,
HUN_Szarvaskő_612/2,Szarvaskő,,,,,,,,,,,,,,,,,,,,,,,,,944.3260951,,,,,,,,,,,,,,
HUN_Szarvaskő_612/3,Szarvaskő,,,,,,,,,,,,,,,,,,,,,,,,,940.2099999,,,,,,,,,,,,,,
HUN_Szarvaskő_612/4,Szarvaskő,,,,,,,,,,,,,,,,,,,,,,,,,930.9900001,,,,,,,,,,,,,,
HUN_Szarvaskő_612/5,Szarvaskő,,,,,,,,,,,,,,,,,,,,,,,,,853.9200002,,,,,,,,,,,,,,
HUN_Szarvaskő_612/6,Szarvaskő,,,,,,,,,,,,,,,,,,,,,,,,,861.02,,,,,,,,,,,,,,
HUN_Szarvaskő_612/7,Szarvaskő,,,,,,,,,,,,,,,,,,,,,,,,,861.9349998,,,,,,,,,,,,,,
HUN_Szarvaskő_612/8,Szarvaskő,,,,,,,,,,,,,,,,,,,,,,,,,812.735,,,,,,,,,,,,,,
HUN_Szarvaskő_612/9,Szarvaskő,,,,,,,,,,,,,,,,,,,,,,,,,911.2050001,,,,,,,,,,,,,,
HUN_Szarvaskő_613/1,Szarvaskő,,,,,,,,,,,,,,,,,,,,,,,,,4372.365,,,,,,,,,,,,,,
HUN_Szarvaskő_613/2,Szarvaskő,,,,,,,,,,,,,,,,,,,,,,,,,1355.195,,,,,,,,,,,,,,
HUN_Szarvaskő_613/3,Szarvaskő,,,,,,,,,,,,,,,,,,,,,,,,,2202.175,,,,,,,,,,,,,,
HUN_Szarvaskő_613/4,Szarvaskő,,,,,,,,,,,,,,,,,,,,,,,,,2200.99,,,,,,,,,,,,,,
HUN_Szarvaskő_613/5,Szarvaskő,,,,,,,,,,,,,,,,,,,,,,,,,2203.155,,,,,,,,,,,,,,
HUN_Szarvaskő_613/6,Szarvaskő,,,,,,,,,,,,,,,,,,,,,,,,,2268.56,,,,,,,,,,,,,,
HUN_Szarvaskő_613/7,Szarvaskő,,,,,,,,,,,,,,,,,,,,,,,,,2033.35,,,,,,,,,,,,,,
HUN_Szarvaskő_614,Szarvaskő,,,,,,,,,,,,,,,,,,,,,,,,,2462.72,,,,,,,,,,,,,,
HUN_Szarvaskő_615,Szarvaskő,,,,,,,,,,,,,,,,,,,,,,,,,1737.26,,,,,,,,,,,,,,
HUN_Szarvaskő_616,Szarvaskő,,,,,,,,,,,,,,,,,,,,,,,,,1449.225,,,,,,,,,,,,,,
HUN_Szarvaskő_617,Szarvaskő,,,,,,,,,,,,,,,,,,,,,,,,,2593.84,,,,,,,,,,,,,,
HUN_Szarvaskő_618,Szarvaskő,,,,,,,,,,,,,,,,,,,,,,,,,1286.73,,,,,,,,,,,,,,
HUN_Szarvaskő_619,Szarvaskő,,,,,,,,,,,,,,,,,,,,,,,,,1242.585,,,,,,,,,,,,,,
HUN_Szarvaskő_620,Szarvaskő,,,,,,,,,,,,,,,,,,,,,,,,,1493.06,,,,,,,,,,,,,,
HUN_Szarvaskő_621,Szarvaskő,,,,,,,,,,,,,,,,,,,,,,,,,1500.525,,,,,,,,,,,,,,
HUN_Szarvaskő_622,Szarvaskő,,,,,,,,,,,,,,,,,,,,,,,,,1965.1,,,,,,,,,,,,,,
HUN_Szarvaskő_623,Szarvaskő,,,,,,,,,,,,,,,,,,,,,,,,,2104.07,,,,,,,,,,,,,,
HUN_Szarvaskő_624,Szarvaskő,,,,,,,,,,,,,,,,,,,,,,,,,763.825,,,,,,,,,,,,,,
HUN_Szarvaskő_625,Szarvaskő,,,,,,,,,,,,,,,,,,,,,,,,,3096.47,,,,,,,,,,,,,,
HUN_Szarvaskő_626,Szarvaskő,,,,,,,,,,,,,,,,,,,,,,,,,1528.45,,,,,,,,,,,,,,
HUN_Szarvaskő_627,Szarvaskő,,,,,,,,,,,,,,,,,,,,,,,,,1490.455,,,,,,,,,,,,,,
HUN_Szarvaskő_628,Szarvaskő,,,,,,,,,,,,,,,,,,,,,,,,,1295.4,,,,,,,,,,,,,,
HUN_Szarvaskő_629,Szarvaskő,,,,,,,,,,,,,,,,,,,,,,,,,1509.455,,,,,,,,,,,,,,
HUN_Szarvaskő_630,Szarvaskő,,,,,,,,,,,,,,,,,,,,,,,,,1195.715,,,,,,,,,,,,,,
HUN_Szarvaskő_631,Szarvaskő,,,,,,,,,,,,,,,,,,,,,,,,,2415.005,,,,,,,,,,,,,,
HUN_Szarvaskő_632,Szarvaskő,,,,,,,,,,,,,,,,,,,,,,,,,1319.53,,,,,,,,,,,,,,
HUN_Szarvaskő_633,Szarvaskő,,,,,,,,,,,,,,,,,,,,,,,,,1329.505,,,,,,,,,,,,,,
HUN_Szarvaskő_634,Szarvaskő,,,,,,,,,,,,,,,,,,,,,,,,,1541.569999,,,,,,,,,,,,,,
HUN_Szarvaskő_635,Szarvaskő,,,,,,,,,,,,,,,,,,,,,,,,,2511.615,,,,,,,,,,,,,,
HUN_Szarvaskő_636,Szarvaskő,,,,,,,,,,,,,,,,,,,,,,,,,12848.455,,,,,,,,,,,,,,
HUN_Szarvaskő_637,Szarvaskő,,,,,,,,,,,,,,,,,,,,,,,,,1946.505,,,,,,,,,,,,,,
HUN_Szarvaskő_638,Szarvaskő,,,,,,,,,,,,,,,,,,,,,,,,,2002.505,,,,,,,,,,,,,,
HUN_Szarvaskő_639,Szarvaskő,,,,,,,,,,,,,,,,,,,,,,,,,1670.43,,,,,,,,,,,,,,
HUN_Szarvaskő_640,Szarvaskő,,,,,,,,,,,,,,,,,,,,,,,,,1569.28,,,,,,,,,,,,,,
HUN_Szarvaskő_641,Szarvaskő,,,,,,,,,,,,,,,,,,,,,,,,,2689.35,,,,,,,,,,,,,,
HUN_Szarvaskő_642,Szarvaskő,,,,,,,,,,,,,,,,,,,,,,,,,1459.5,,,,,,,,,,,,,,
HUN_Szarvaskő_643,Szarvaskő,,,,,,,,,,,,,,,,,,,,,,,,,1145.43,,,,,,,,,,,,,,
HUN_Szarvaskő_644,Szarvaskő,,,,,,,,,,,,,,,,,,,,,,,,,4968.095,,,,,,,,,,,,,,
HUN_Szarvaskő_645,Szarvaskő,,,,,,,,,,,,,,,,,,,,,,,,,1336.895,,,,,,,,,,,,,,
HUN_Szarvaskő_646,Szarvaskő,,,,,,,,,,,,,,,,,,,,,,,,,2288.9,,,,,,,,,,,,,,
HUN_Szarvaskő_647,Szarvaskő,,,,,,,,,,,,,,,,,,,,,,,,,1291.3,,,,,,,,,,,,,,
HUN_Szarvaskő_648,Szarvaskő,,,,,,,,,,,,,,,,,,,,,,,,,6777.95,,,,,,,,,,,,,,
HUN_Szarvaskő_649,Szarvaskő,,,,,,,,,,,,,,,,,,,,,,,,,1319.225,,,,,,,,,,,,,,
HUN_Szarvaskő_650,Szarvaskő,,,,,,,,,,,,,,,,,,,,,,,,,934.0899997,,,,,,,,,,,,,,
HUN_Szarvaskő_651,Szarvaskő,,,,,,,,,,,,,,,,,,,,,,,,,1003.26,,,,,,,,,,,,,,
HUN_Szarvaskő_652,Szarvaskő,,,,,,,,,,,,,,,,,,,,,,,,,1265.705,,,,,,,,,,,,,,
HUN_Szarvaskő_653,Szarvaskő,,,,,,,,,,,,,,,,,,,,,,,,,10465.07,,,,,,,,,,,,,,
HUN_Szarvaskő_654,Szarvaskő,,,,,,,,,,,,,,,,,,,,,,,,,1068.755,,,,,,,,,,,,,,
HUN_Szarvaskő_655,Szarvaskő,,,,,,,,,,,,,,,,,,,,,,,,,5565,,,,,,,,,,,,,,
HUN_Szarvaskő_656,Szarvaskő,,,,,,,,,,,,,,,,,,,,,,,,,2298.43,,,,,,,,,,,,,,
HUN_Szarvaskő_657,Szarvaskő,,,,,,,,,,,,,,,,,,,,,,,,,815.8599999,,,,,,,,,,,,,,
HUN_Szarvaskő_658,Szarvaskő,,,,,,,,,,,,,,,,,,,,,,,,,902.47,,,,,,,,,,,,,,
HUN_Szarvaskő_659,Szarvaskő,,,,,,,,,,,,,,,,,,,,,,,,,667.555,,,,,,,,,,,,,,
HUN_Szarvaskő_660,Szarvaskő,,,,,,,,,,,,,,,,,,,,,,,,,919.9899998,,,,,,,,,,,,,,
HUN_Szarvaskő_661,Szarvaskő,,,,,,,,,,,,,,,,,,,,,,,,,2108.465,,,,,,,,,,,,,,
HUN_Szarvaskő_662,Szarvaskő,,,,,,,,,,,,,,,,,,,,,,,,,3780.352199,,,,,,,,,,,,,,
HUN_Szarvaskő_663,Szarvaskő,,,,,,,,,,,,,,,,,,,,,,,,,868.5299999,,,,,,,,,,,,,,
HUN_Szarvaskő_664,Szarvaskő,,,,,,,,,,,,,,,,,,,,,,,,,619.6700001,,,,,,,,,,,,,,
HUN_Szarvaskő_665,Szarvaskő,,,,,,,,,,,,,,,,,,,,,,,,,1251.82,,,,,,,,,,,,,,
HUN_Szarvaskő_666,Szarvaskő,,,,,,,,,,,,,,,,,,,,,,,,,1003.635,,,,,,,,,,,,,,
HUN_Szarvaskő_667,Szarvaskő,,,,,,,,,,,,,,,,,,,,,,,,,706.37,,,,,,,,,,,,,,
HUN_Szarvaskő_668,Szarvaskő,,,,,,,,,,,,,,,,,,,,,,,,,2830.01,,,,,,,,,,,,,,
HUN_Szarvaskő_669,Szarvaskő,,,,,,,,,,,,,,,,,,,,,,,,,934.4100001,,,,,,,,,,,,,,
HUN_Szarvaskő_670,Szarvaskő,,,,,,,,,,,,,,,,,,,,,,,,,858.61,,,,,,,,,,,,,,
HUN_Szarvaskő_671,Szarvaskő,,,,,,,,,,,,,,,,,,,,,,,,,6697.355,,,,,,,,,,,,,,
HUN_Szarvaskő_672,Szarvaskő,,,,,,,,,,,,,,,,,,,,,,,,,949.8700001,,,,,,,,,,,,,,
HUN_Szarvaskő_673,Szarvaskő,,,,,,,,,,,,,,,,,,,,,,,,,1257.67,,,,,,,,,,,,,,
HUN_Szarvaskő_674,Szarvaskő,,,,,,,,,,,,,,,,,,,,,,,,,1633.7,,,,,,,,,,,,,,
HUN_Szarvaskő_675,Szarvaskő,,,,,,,,,,,,,,,,,,,,,,,,,1306.48,,,,,,,,,,,,,,
HUN_Szarvaskő_676,Szarvaskő,,,,,,,,,,,,,,,,,,,,,,,,,4211.85,,,,,,,,,,,,,,
HUN_Szarvaskő_677,Szarvaskő,,,,,,,,,,,,,,,,,,,,,,,,,1321.965,,,,,,,,,,,,,,
HUN_Szarvaskő_678,Szarvaskő,,,,,,,,,,,,,,,,,,,,,,,,,1592.43,,,,,,,,,,,,,,
HUN_Szarvaskő_679,Szarvaskő,,,,,,,,,,,,,,,,,,,,,,,,,1444.61,,,,,,,,,,,,,,
HUN_Szarvaskő_680,Szarvaskő,,,,,,,,,,,,,,,,,,,,,,,,,1712.8,,,,,,,,,,,,,,
HUN_Szarvaskő_681,Szarvaskő,,,,,,,,,,,,,,,,,,,,,,,,,1086.765,,,,,,,,,,,,,,
HUN_Szarvaskő_682,Szarvaskő,,,,,,,,,,,,,,,,,,,,,,,,,1460.77,,,,,,,,,,,,,,
HUN_Szarvaskő_683,Szarvaskő,,,,,,,,,,,,,,,,,,,,,,,,,1009.67,,,,,,,,,,,,,,
HUN_Szarvaskő_684,Szarvaskő,,,,,,,,,,,,,,,,,,,,,,,,,4515.42432,,,,,,,,,,,,,,
HUN_Szarvaskő_685,Szarvaskő,,,,,,,,,,,,,,,,,,,,,,,,,1973.67,,,,,,,,,,,,,,
HUN_Szarvaskő_686,Szarvaskő,,,,,,,,,,,,,,,,,,,,,,,,,5143.65,,,,,,,,,,,,,,
HUN_Szarvaskő_687,Szarvaskő,,,,,,,,,,,,,,,,,,,,,,,,,1512.7,,,,,,,,,,,,,,
HUN_Szarvaskő_688,Szarvaskő,,,,,,,,,,,,,,,,,,,,,,,,,1460.94,,,,,,,,,,,,,,
HUN_Szarvaskő_689,Szarvaskő,,,,,,,,,,,,,,,,,,,,,,,,,1085.34,,,,,,,,,,,,,,
HUN_Szarvaskő_690,Szarvaskő,,,,,,,,,,,,,,,,,,,,,,,,,3048.95,,,,,,,,,,,,,,
HUN_Szarvaskő_691,Szarvaskő,,,,,,,,,,,,,,,,,,,,,,,,,3115.23,,,,,,,,,,,,,,
HUN_Szarvaskő_692/1,Szarvaskő,,,,,,,,,,,,,,,,,,,,,,,,,2285.48,,,,,,,,,,,,,,
HUN_Szarvaskő_692/2,Szarvaskő,,,,,,,,,,,,,,,,,,,,,,,,,4644.36,,,,,,,,,,,,,,
HUN_Szarvaskő_693,Szarvaskő,,,,,,,,,,,,,,,,,,,,,,,,,885.375,,,,,,,,,,,,,,
HUN_Szarvaskő_694,Szarvaskő,,,,,,,,,,,,,,,,,,,,,,,,,815.3,,,,,,,,,,,,,,
HUN_Szarvaskő_695,Szarvaskő,,,,,,,,,,,,,,,,,,,,,,,,,331.17,,,,,,,,,,,,,,
HUN_Szarvaskő_696,Szarvaskő,,,,,,,,,,,,,,,,,,,,,,,,,543.77,,,,,,,,,,,,,,
HUN_Szarvaskő_697,Szarvaskő,,,,,,,,,,,,,,,,,,,,,,,,,821.6249999,,,,,,,,,,,,,,
HUN_Szarvaskő_698,Szarvaskő,,,,,,,,,,,,,,,,,,,,,,,,,773.155,,,,,,,,,,,,,,
HUN_Szarvaskő_699,Szarvaskő,,,,,,,,,,,,,,,,,,,,,,,,,511.9650001,,,,,,,,,,,,,,
HUN_Szarvaskő_700,Szarvaskő,,,,,,,,,,,,,,,,,,,,,,,,,776.615,,,,,,,,,,,,,,
HUN_Szarvaskő_701,Szarvaskő,,,,,,,,,,,,,,,,,,,,,,,,,942.0500001,,,,,,,,,,,,,,
HUN_Szarvaskő_702,Szarvaskő,,,,,,,,,,,,,,,,,,,,,,,,,2557.43,,,,,,,,,,,,,,
HUN_Szarvaskő_704,Szarvaskő,,,,,,,,,,,,,,,,,,,,,,,,,378.24,,,,,,,,,,,,,,
HUN_Szarvaskő_705,Szarvaskő,,,,,,,,,,,,,,,,,,,,,,,,,230.09,,,,,,,,,,,,,,
HUN_Szarvaskő_706,Szarvaskő,,,,,,,,,,,,,,,,,,,,,,,,,1400.55487,,,,,,,,,,,,,,
HUN_Szarvaskő_707,Szarvaskő,,,,,,,,,,,,,,,,,,,,,,,,,2907.150135,,,,,,,,,,,,,,
HUN_Szarvaskő_708,Szarvaskő,,,,,,,,,,,,,,,,,,,,,,,,,381.055,,,,,,,,,,,,,,
HUN_Szarvaskő_709,Szarvaskő,,,,,,,,,,,,,,,,,,,,,,,,,517.63,,,,,,,,,,,,,,
HUN_Szarvaskő_710,Szarvaskő,,,,,,,,,,,,,,,,,,,,,,,,,1412.195,,,,,,,,,,,,,,
HUN_Szarvaskő_712,Szarvaskő,,,,,,,,,,,,,,,,,,,,,,,,,699.3150001,,,,,,,,,,,,,,
HUN_Szarvaskő_713,Szarvaskő,,,,,,,,,,,,,,,,,,,,,,,,,504.065,,,,,,,,,,,,,,
HUN_Szarvaskő_714,Szarvaskő,,,,,,,,,,,,,,,,,,,,,,,,,409.67,,,,,,,,,,,,,,
HUN_Szarvaskő_715,Szarvaskő,,,,,,,,,,,,,,,,,,,,,,,,,1244.325,,,,,,,,,,,,,,
HUN_Szarvaskő_716,Szarvaskő,,,,,,,,,,,,,,,,,,,,,,,,,733.83,,,,,,,,,,,,,,
HUN_Szarvaskő_717,Szarvaskő,,,,,,,,,,,,,,,,,,,,,,,,,413.855,,,,,,,,,,,,,,
HUN_Szarvaskő_718,Szarvaskő,,,,,,,,,,,,,,,,,,,,,,,,,250.36,,,,,,,,,,,,,,
HUN_Szarvaskő_719,Szarvaskő,,,,,,,,,,,,,,,,,,,,,,,,,954.285,,,,,,,,,,,,,,
HUN_Szarvaskő_720,Szarvaskő,,,,,,,,,,,,,,,,,,,,,,,,,822.40506,,,,,,,,,,,,,,
HUN_Szarvaskő_721,Szarvaskő,,,,,,,,,,,,,,,,,,,,,,,,,789.59,,,,,,,,,,,,,,
HUN_Szarvaskő_722,Szarvaskő,,,,,,,,,,,,,,,,,,,,,,,,,3527.67,,,,,,,,,,,,,,
HUN_Szarvaskő_723,Szarvaskő,,,,,,,,,,,,,,,,,,,,,,,,,575.91,,,,,,,,,,,,,,
HUN_Szarvaskő_724,Szarvaskő,,,,,,,,,,,,,,,,,,,,,,,,,469.95,,,,,,,,,,,,,,
HUN_Szarvaskő_725,Szarvaskő,,,,,,,,,,,,,,,,,,,,,,,,,596.855,,,,,,,,,,,,,,
HUN_Szarvaskő_726,Szarvaskő,,,,,,,,,,,,,,,,,,,,,,,,,923.2000001,,,,,,,,,,,,,,
HUN_Szarvaskő_727/1,Szarvaskő,,,,,,,,,,,,,,,,,,,,,,,,,848.735,,,,,,,,,,,,,,
HUN_Szarvaskő_727/2,Szarvaskő,,,,,,,,,,,,,,,,,,,,,,,,,797.7751051,,,,,,,,,,,,,,
HUN_Szarvaskő_728,Szarvaskő,,,,,,,,,,,,,,,,,,,,,,,,,1220.74,,,,,,,,,,,,,,
HUN_Szarvaskő_729/1,Szarvaskő,,,,,,,,,,,,,,,,,,,,,,,,,1128.755,,,,,,,,,,,,,,
HUN_Szarvaskő_729/2,Szarvaskő,,,,,,,,,,,,,,,,,,,,,,,,,619.36,,,,,,,,,,,,,,
HUN_Szarvaskő_730,Szarvaskő,,,,,,,,,,,,,,,,,,,,,,,,,1061.005,,,,,,,,,,,,,,
HUN_Szarvaskő_731,Szarvaskő,,,,,,,,,,,,,,,,,,,,,,,,,1300.99,,,,,,,,,,,,,,
HUN_Szarvaskő_732,Szarvaskő,,,,,,,,,,,,,,,,,,,,,,,,,1275.755,,,,,,,,,,,,,,
HUN_Szarvaskő_733,Szarvaskő,,,,,,,,,,,,,,,,,,,,,,,,,2408.65,,,,,,,,,,,,,,
HUN_Szarvaskő_734,Szarvaskő,,,,,,,,,,,,,,,,,,,,,,,,,781.905,,,,,,,,,,,,,,
HUN_Szarvaskő_735,Szarvaskő,,,,,,,,,,,,,,,,,,,,,,,,,1379.66,,,,,,,,,,,,,,
HUN_Szarvaskő_737,Szarvaskő,,,,,,,,,,,,,,,,,,,,,,,,,1520.445,,,,,,,,,,,,,,
HUN_Szarvaskő_738,Szarvaskő,,,,,,,,,,,,,,,,,,,,,,,,,1055.67,,,,,,,,,,,,,,
HUN_Szarvaskő_741,Szarvaskő,,,,,,,,,,,,,,,,,,,,,,,,,2201.505,,,,,,,,,,,,,,
HUN_Szarvaskő_742,Szarvaskő,,,,,,,,,,,,,,,,,,,,,,,,,1160.84,,,,,,,,,,,,,,
HUN_Szarvaskő_743,Szarvaskő,,,,,,,,,,,,,,,,,,,,,,,,,396.21,,,,,,,,,,,,,,
HUN_Szarvaskő_744,Szarvaskő,,,,,,,,,,,,,,,,,,,,,,,,,864.4600001,,,,,,,,,,,,,,
HUN_Szarvaskő_745,Szarvaskő,,,,,,,,,,,,,,,,,,,,,,,,,542.43,,,,,,,,,,,,,,
HUN_Szarvaskő_746,Szarvaskő,,,,,,,,,,,,,,,,,,,,,,,,,442.2800001,,,,,,,,,,,,,,
HUN_Szarvaskő_747,Szarvaskő,,,,,,,,,,,,,,,,,,,,,,,,,1325.905,,,,,,,,,,,,,,
HUN_Szarvaskő_748,Szarvaskő,,,,,,,,,,,,,,,,,,,,,,,,,1324.93,,,,,,,,,,,,,,
HUN_Szarvaskő_749,Szarvaskő,,,,,,,,,,,,,,,,,,,,,,,,,2270.475,,,,,,,,,,,,,,
HUN_Szarvaskő_750,Szarvaskő,,,,,,,,,,,,,,,,,,,,,,,,,2083.295,,,,,,,,,,,,,,
HUN_Szarvaskő_751,Szarvaskő,,,,,,,,,,,,,,,,,,,,,,,,,1670.575,,,,,,,,,,,,,,
HUN_Szarvaskő_752,Szarvaskő,,,,,,,,,,,,,,,,,,,,,,,,,2132.39,,,,,,,,,,,,,,
HUN_Szarvaskő_753,Szarvaskő,,,,,,,,,,,,,,,,,,,,,,,,,1683.78,,,,,,,,,,,,,,
HUN_Szarvaskő_754,Szarvaskő,,,,,,,,,,,,,,,,,,,,,,,,,1926.38,,,,,,,,,,,,,,
HUN_Szarvaskő_755,Szarvaskő,,,,,,,,,,,,,,,,,,,,,,,,,1791.44,,,,,,,,,,,,,,
HUN_Szarvaskő_756,Szarvaskő,,,,,,,,,,,,,,,,,,,,,,,,,1904.43,,,,,,,,,,,,,,
HUN_Szarvaskő_757,Szarvaskő,,,,,,,,,,,,,,,,,,,,,,,,,648.755,,,,,,,,,,,,,,
HUN_Szarvaskő_758,Szarvaskő,,,,,,,,,,,,,,,,,,,,,,,,,1027.06,,,,,,,,,,,,,,
HUN_Szarvaskő_759,Szarvaskő,,,,,,,,,,,,,,,,,,,,,,,,,1079.38,,,,,,,,,,,,,,
HUN_Szarvaskő_760,Szarvaskő,,,,,,,,,,,,,,,,,,,,,,,,,627.6200001,,,,,,,,,,,,,,
HUN_Szarvaskő_761,Szarvaskő,,,,,,,,,,,,,,,,,,,,,,,,,10316.27,,,,,,,,,,,,,,
HUN_Szarvaskő_762,Szarvaskő,,,,,,,,,,,,,,,,,,,,,,,,,1986.38,,,,,,,,,,,,,,
HUN_Szarvaskő_763,Szarvaskő,,,,,,,,,,,,,,,,,,,,,,,,,3879.415,,,,,,,,,,,,,,
HUN_Szarvaskő_764,Szarvaskő,,,,,,,,,,,,,,,,,,,,,,,,,1564.259999,,,,,,,,,,,,,,
HUN_Szarvaskő_765,Szarvaskő,,,,,,,,,,,,,,,,,,,,,,,,,1623.39,,,,,,,,,,,,,,
HUN_Szarvaskő_766/1,Szarvaskő,,,,,,,,,,,,,,,,,,,,,,,,,1892.395,,,,,,,,,,,,,,
HUN_Szarvaskő_766/2,Szarvaskő,,,,,,,,,,,,,,,,,,,,,,,,,1350.11,,,,,,,,,,,,,,
HUN_Szarvaskő_767,Szarvaskő,,,,,,,,,,,,,,,,,,,,,,,,,12363.83,,,,,,,,,,,,,,
HUN_Szarvaskő_768,Szarvaskő,,,,,,,,,,,,,,,,,,,,,,,,,2176.035,,,,,,,,,,,,,,
HUN_Szarvaskő_769,Szarvaskő,,,,,,,,,,,,,,,,,,,,,,,,,7143.71,,,,,,,,,,,,,,
HUN_Szarvaskő_770,Szarvaskő,,,,,,,,,,,,,,,,,,,,,,,,,3597.680001,,,,,,,,,,,,,,
HUN_Szarvaskő_771,Szarvaskő,,,,,,,,,,,,,,,,,,,,,,,,,3533.585,,,,,,,,,,,,,,
HUN_Szarvaskő_772,Szarvaskő,,,,,,,,,,,,,,,,,,,,,,,,,8732.785,,,,,,,,,,,,,,
HUN_Szarvaskő_773,Szarvaskő,,,,,,,,,,,,,,,,,,,,,,,,,2834.2,,,,,,,,,,,,,,
HUN_Szarvaskő_774,Szarvaskő,,,,,,,,,,,,,,,,,,,,,,,,,16112.045,,,,,,,,,,,,,,
HUN_Szarvaskő_775,Szarvaskő,,,,,,,,,,,,,,,,,,,,,,,,,6615.98,,,,,,,,,,,,,,
HUN_Szarvaskő_776,Szarvaskő,,,,,,,,,,,,,,,,,,,,,,,,,30103.5,,,,,,,,,,,,,,
HUN_Szarvaskő_777,Szarvaskő,,,,,,,,,,,,,,,,,,,,,,,,,4693.59,,,,,,,,,,,,,,
HUN_Szarvaskő_778,Szarvaskő,,,,,,,,,,,,,,,,,,,,,,,,,19651.545,,,,,,,,,,,,,,
HUN_Szarvaskő_779,Szarvaskő,,,,,,,,,,,,,,,,,,,,,,,,,1401.18,,,,,,,,,,,,,,
HUN_Szarvaskő_780,Szarvaskő,,,,,,,,,,,,,,,,,,,,,,,,,1535.64,,,,,,,,,,,,,,
HUN_Szarvaskő_781,Szarvaskő,,,,,,,,,,,,,,,,,,,,,,,,,5043.15958,,,,,,,,,,,,,,
HUN_Szarvaskő_782,Szarvaskő,,,,,,,,,,,,,,,,,,,,,,,,,2281.85,,,,,,,,,,,,,,
HUN_Szarvaskő_783,Szarvaskő,,,,,,,,,,,,,,,,,,,,,,,,,2585.53366,,,,,,,,,,,,,,
HUN_Szarvaskő_784,Szarvaskő,,,,,,,,,,,,,,,,,,,,,,,,,1895.978175,,,,,,,,,,,,,,
HUN_Szarvaskő_785,Szarvaskő,,,,,,,,,,,,,,,,,,,,,,,,,2422.183385,,,,,,,,,,,,,,
HUN_Szarvaskő_786,Szarvaskő,,,,,,,,,,,,,,,,,,,,,,,,,2687.86,,,,,,,,,,,,,,
HUN_Szarvaskő_784,Szarvaskő,,,,,,,,,,,,,,,,,,,,,,,,,174.30478,,,,,,,,,,,,,,
HUN_Szarvaskő_787,Szarvaskő,,,,,,,,,,,,,,,,,,,,,,,,,4469.27,,,,,,,,,,,,,,
HUN_Szarvaskő_788,Szarvaskő,,,,,,,,,,,,,,,,,,,,,,,,,728.805,,,,,,,,,,,,,,
HUN_Szarvaskő_789,Szarvaskő,,,,,,,,,,,,,,,,,,,,,,,,,969.235,,,,,,,,,,,,,,
HUN_Szarvaskő_790,Szarvaskő,,,,,,,,,,,,,,,,,,,,,,,,,2335.93,,,,,,,,,,,,,,
HUN_Szarvaskő_791,Szarvaskő,,,,,,,,,,,,,,,,,,,,,,,,,1158.36,,,,,,,,,,,,,,
HUN_Szarvaskő_792,Szarvaskő,,,,,,,,,,,,,,,,,,,,,,,,,542.125,,,,,,,,,,,,,,
HUN_Szarvaskő_793,Szarvaskő,,,,,,,,,,,,,,,,,,,,,,,,,1358.89,,,,,,,,,,,,,,
HUN_Szarvaskő_801/a,Szarvaskő,,,,,,,,,,,,,,,,,,,,,,,,,8383.665,,,,,,,,,,,,,,
HUN_Szarvaskő_801/b,Szarvaskő,,,,,,,,,,,,,,,,,,,,,,,,,3213.13,,,,,,,,,,,,,,
HUN_Szarvaskő_802/a,Szarvaskő,,,,,,,,,,,,,,,,,,,,,,,,,9959.59,,,,,,,,,,,,,,
HUN_Szarvaskő_802/b,Szarvaskő,,,,,,,,,,,,,,,,,,,,,,,,,3714.17,,,,,,,,,,,,,,
HUN_Szarvaskő_802/c,Szarvaskő,,,,,,,,,,,,,,,,,,,,,,,,,4052.155,,,,,,,,,,,,,,
HUN_Szarvaskő_803,Szarvaskő,,,,,,,,,,,,,,,,,,,,,,,,,1212.935,,,,,,,,,,,,,,
HUN_Szarvaskő_805,Szarvaskő,,,,,,,,,,,,,,,,,,,,,,,,,3198.7,,,,,,,,,,,,,,
HUN_Szarvaskő_806,Szarvaskő,,,,,,,,,,,,,,,,,,,,,,,,,1339.625,,,,,,,,,,,,,,
HUN_Szarvaskő_807,Szarvaskő,,,,,,,,,,,,,,,,,,,,,,,,,3501.305,,,,,,,,,,,,,,
HUN_Szarvaskő_808,Szarvaskő,,,,,,,,,,,,,,,,,,,,,,,,,2892.62,,,,,,,,,,,,,,
HUN_Szarvaskő_809,Szarvaskő,,,,,,,,,,,,,,,,,,,,,,,,,579.5800001,,,,,,,,,,,,,,
HUN_Szarvaskő_810/1,Szarvaskő,,,,,,,,,,,,,,,,,,,,,,,,,28091.785,,,,,,,,,,,,,,
HUN_Szarvaskő_810/2,Szarvaskő,,,,,,,,,,,,,,,,,,,,,,,,,1513.175,,,,,,,,,,,,,,
HUN_Szarvaskő_811,Szarvaskő,,,,,,,,,,,,,,,,,,,,,,,,,818.9249997,,,,,,,,,,,,,,
HUN_Szarvaskő_812,Szarvaskő,,,,,,,,,,,,,,,,,,,,,,,,,1089.125,,,,,,,,,,,,,,
HUN_Szarvaskő_813,Szarvaskő,,,,,,,,,,,,,,,,,,,,,,,,,3254.875,,,,,,,,,,,,,,
HUN_Szarvaskő_814,Szarvaskő,,,,,,,,,,,,,,,,,,,,,,,,,2465.245,,,,,,,,,,,,,,
HUN_Szarvaskő_815,Szarvaskő,,,,,,,,,,,,,,,,,,,,,,,,,1982.195,,,,,,,,,,,,,,
HUN_Szarvaskő_816,Szarvaskő,,,,,,,,,,,,,,,,,,,,,,,,,810.9599999,,,,,,,,,,,,,,
HUN_Szarvaskő_817,Szarvaskő,,,,,,,,,,,,,,,,,,,,,,,,,236.3649999,,,,,,,,,,,,,,
HUN_Szarvaskő_818,Szarvaskő,,,,,,,,,,,,,,,,,,,,,,,,,1189.55,,,,,,,,,,,,,,
HUN_Szarvaskő_819,Szarvaskő,,,,,,,,,,,,,,,,,,,,,,,,,1772.38,,,,,,,,,,,,,,
HUN_Szarvaskő_820,Szarvaskő,,,,,,,,,,,,,,,,,,,,,,,,,1127.675,,,,,,,,,,,,,,
HUN_Szarvaskő_821,Szarvaskő,,,,,,,,,,,,,,,,,,,,,,,,,816.465,,,,,,,,,,,,,,
HUN_Szarvaskő_822,Szarvaskő,,,,,,,,,,,,,,,,,,,,,,,,,529.0949999,,,,,,,,,,,,,,
HUN_Szarvaskő_823,Szarvaskő,,,,,,,,,,,,,,,,,,,,,,,,,1649.935,,,,,,,,,,,,,,
HUN_Szarvaskő_824,Szarvaskő,,,,,,,,,,,,,,,,,,,,,,,,,1409.91,,,,,,,,,,,,,,
HUN_Szarvaskő_825,Szarvaskő,,,,,,,,,,,,,,,,,,,,,,,,,1501.4,,,,,,,,,,,,,,
HUN_Szarvaskő_826,Szarvaskő,,,,,,,,,,,,,,,,,,,,,,,,,2458.77,,,,,,,,,,,,,,
HUN_Szarvaskő_827,Szarvaskő,,,,,,,,,,,,,,,,,,,,,,,,,2526.05,,,,,,,,,,,,,,
